"Indicator_Type","Unique_Item","File_Hash","Malware_Family","Meaningful_Name","Baseline_Count","Last_Observation_Date"
"Certificate","DingTalk Technology Co.,Ltd.; DigiCert Trusted G4 Code Signing RSA4096 SHA384 2021 CA1; DigiCert Trusted Root G4; DigiCert (Verified)","a774244ea5d759c4044aea75128a977e45fd6d1bb5942d9a8a1c5d7bff7e3db9","HackTool:Win64/FScan!MSR","DingTalk.exe","0","2025-04-01"
"Certificate","No Sig","5b0f8c650f54f17d002c01dcc74713a40eccb0367357d3f86490e9d17fcd71e8","Trojan:Win32/Alevaul!rfn","ced0cc00-a760-11e9-83c3-cab5a4b5318c","3843","2025-03-20"
"Certificate","No Sig","3588bda890ebf6138a82ae2e4f3cd7234ec071f343c9f5db5a96a54734eeaf9f","Trojan:Win32/Alevaul!rfn","PortBruteWin.exe","3843","2025-03-20"
"Certificate","No Sig","02ab315e4e3cf71c1632c91d4914c21b9f6e0b9aa0263f2400d6381aab759a61","Trojan:Win32/Alevaul!rfn","C:\Users\user\AppData\Local\Temp\btpkrtce.yz5\svchost.exe","3843","2025-06-30"
"Certificate","No Sig","efc0d2c1e05e106c5c36160e17619a494676deb136fb877c6d26f3adf75a5777","Trojan:Win64/Malgent!MSR","In Swor(x64).exe","3843","2025-03-08"
"Certificate","No Sig","f4ea99dc41cb7922d01955eef9303ec3a24b88c3318138855346de1e830ed09e","Trojan:Win32/CryptInject","ver.exe","3843","2025-08-06"
"Certificate","No Sig","a41713b709cbc5828d66de5846eda9611dc29f25","Trojan:Win32/CryptInject","ver.exe","3843","2025-03-20"
"Certificate","No Sig","e159824448a8e53425b38bd11030aa786c460f956c9d7fc118b212e8ced4087a","Unknown","config/mimikatz.dat","3843","2025-07-01"
"Certificate","No Sig","ffb8db57b543ba8a5086640a0b59a5def4929ad261e9f3624b2c0a22ae380391","Trojan:Win32/Casdet!rfn","linux.x","3843","2025-06-01"
"Certificate","No Sig","a284c8b14e4be0e2e561e5ff64e82dc7","Trojan:Win32/CryptInject","ver.exe","3843","2025-03-20"
"Certificate","SharpRDP (Unverified)","09cea8aed5c58c446e6ef4d9bb83f7b5d7ba7b7c89d4164f397d378832722b69","Trojan:Win32/Alevaul!rfn","SharpRDP.exe","0","2025-03-20"
"Sigma Rule","Amsi.DLL Load By Uncommon Process","5b0f8c650f54f17d002c01dcc74713a40eccb0367357d3f86490e9d17fcd71e8","Trojan:Win32/Alevaul!rfn","ced0cc00-a760-11e9-83c3-cab5a4b5318c","0","2025-03-20"
"Sigma Rule","CredUI.DLL Loaded By Uncommon Process","02ab315e4e3cf71c1632c91d4914c21b9f6e0b9aa0263f2400d6381aab759a61","Trojan:Win32/Alevaul!rfn","C:\Users\user\AppData\Local\Temp\btpkrtce.yz5\svchost.exe","0","2025-06-30"
"Sigma Rule","Potential Dridex Activity","02ab315e4e3cf71c1632c91d4914c21b9f6e0b9aa0263f2400d6381aab759a61","Trojan:Win32/Alevaul!rfn","C:\Users\user\AppData\Local\Temp\btpkrtce.yz5\svchost.exe","5","2025-06-30"
"Sigma Rule","Potentially Suspicious DMP/HDMP File Creation","e159824448a8e53425b38bd11030aa786c460f956c9d7fc118b212e8ced4087a","Unknown","config/mimikatz.dat","0","2025-07-01"
"Sigma Rule","System File Execution Location Anomaly","02ab315e4e3cf71c1632c91d4914c21b9f6e0b9aa0263f2400d6381aab759a61","Trojan:Win32/Alevaul!rfn","C:\Users\user\AppData\Local\Temp\btpkrtce.yz5\svchost.exe","41","2025-06-30"
"Sigma Rule","Uncommon Svchost Parent Process","02ab315e4e3cf71c1632c91d4914c21b9f6e0b9aa0263f2400d6381aab759a61","Trojan:Win32/Alevaul!rfn","C:\Users\user\AppData\Local\Temp\btpkrtce.yz5\svchost.exe","5","2025-06-30"
"Sigma Rule","Windows Processes Suspicious Parent Directory","02ab315e4e3cf71c1632c91d4914c21b9f6e0b9aa0263f2400d6381aab759a61","Trojan:Win32/Alevaul!rfn","C:\Users\user\AppData\Local\Temp\btpkrtce.yz5\svchost.exe","22","2025-06-30"
"VT Tag","64bits","a284c8b14e4be0e2e561e5ff64e82dc7","Trojan:Win32/CryptInject","ver.exe","6551","2025-03-20"
"VT Tag","64bits","a41713b709cbc5828d66de5846eda9611dc29f25","Trojan:Win32/CryptInject","ver.exe","6551","2025-03-20"
"VT Tag","64bits","f4ea99dc41cb7922d01955eef9303ec3a24b88c3318138855346de1e830ed09e","Trojan:Win32/CryptInject","ver.exe","6551","2025-08-06"
"VT Tag","64bits","a774244ea5d759c4044aea75128a977e45fd6d1bb5942d9a8a1c5d7bff7e3db9","HackTool:Win64/FScan!MSR","DingTalk.exe","6551","2025-04-01"
"VT Tag","64bits","02ab315e4e3cf71c1632c91d4914c21b9f6e0b9aa0263f2400d6381aab759a61","Trojan:Win32/Alevaul!rfn","C:\Users\user\AppData\Local\Temp\btpkrtce.yz5\svchost.exe","6551","2025-06-30"
"VT Tag","64bits","efc0d2c1e05e106c5c36160e17619a494676deb136fb877c6d26f3adf75a5777","Trojan:Win64/Malgent!MSR","In Swor(x64).exe","6551","2025-03-08"
"VT Tag","64bits","ffb8db57b543ba8a5086640a0b59a5def4929ad261e9f3624b2c0a22ae380391","Trojan:Win32/Casdet!rfn","linux.x","6551","2025-06-01"
"VT Tag","64bits","3588bda890ebf6138a82ae2e4f3cd7234ec071f343c9f5db5a96a54734eeaf9f","Trojan:Win32/Alevaul!rfn","PortBruteWin.exe","6551","2025-03-20"
"VT Tag","assembly","3588bda890ebf6138a82ae2e4f3cd7234ec071f343c9f5db5a96a54734eeaf9f","Trojan:Win32/Alevaul!rfn","PortBruteWin.exe","2638","2025-03-20"
"VT Tag","assembly","09cea8aed5c58c446e6ef4d9bb83f7b5d7ba7b7c89d4164f397d378832722b69","Trojan:Win32/Alevaul!rfn","SharpRDP.exe","2638","2025-03-20"
"VT Tag","calls-wmi","5b0f8c650f54f17d002c01dcc74713a40eccb0367357d3f86490e9d17fcd71e8","Trojan:Win32/Alevaul!rfn","ced0cc00-a760-11e9-83c3-cab5a4b5318c","77","2025-03-20"
"VT Tag","checks-cpu-name","02ab315e4e3cf71c1632c91d4914c21b9f6e0b9aa0263f2400d6381aab759a61","Trojan:Win32/Alevaul!rfn","C:\Users\user\AppData\Local\Temp\btpkrtce.yz5\svchost.exe","30","2025-06-30"
"VT Tag","checks-disk-space","e159824448a8e53425b38bd11030aa786c460f956c9d7fc118b212e8ced4087a","Unknown","config/mimikatz.dat","75","2025-07-01"
"VT Tag","checks-network-adapters","5b0f8c650f54f17d002c01dcc74713a40eccb0367357d3f86490e9d17fcd71e8","Trojan:Win32/Alevaul!rfn","ced0cc00-a760-11e9-83c3-cab5a4b5318c","48","2025-03-20"
"VT Tag","checks-user-input","5b0f8c650f54f17d002c01dcc74713a40eccb0367357d3f86490e9d17fcd71e8","Trojan:Win32/Alevaul!rfn","ced0cc00-a760-11e9-83c3-cab5a4b5318c","466","2025-03-20"
"VT Tag","contains-pe","5b0f8c650f54f17d002c01dcc74713a40eccb0367357d3f86490e9d17fcd71e8","Trojan:Win32/Alevaul!rfn","ced0cc00-a760-11e9-83c3-cab5a4b5318c","0","2025-03-20"
"VT Tag","detect-debug-environment","09cea8aed5c58c446e6ef4d9bb83f7b5d7ba7b7c89d4164f397d378832722b69","Trojan:Win32/Alevaul!rfn","SharpRDP.exe","3175","2025-03-20"
"VT Tag","detect-debug-environment","5b0f8c650f54f17d002c01dcc74713a40eccb0367357d3f86490e9d17fcd71e8","Trojan:Win32/Alevaul!rfn","ced0cc00-a760-11e9-83c3-cab5a4b5318c","3175","2025-03-20"
"VT Tag","detect-debug-environment","e159824448a8e53425b38bd11030aa786c460f956c9d7fc118b212e8ced4087a","Unknown","config/mimikatz.dat","3175","2025-07-01"
"VT Tag","detect-debug-environment","02ab315e4e3cf71c1632c91d4914c21b9f6e0b9aa0263f2400d6381aab759a61","Trojan:Win32/Alevaul!rfn","C:\Users\user\AppData\Local\Temp\btpkrtce.yz5\svchost.exe","3175","2025-06-30"
"VT Tag","direct-cpu-clock-access","a284c8b14e4be0e2e561e5ff64e82dc7","Trojan:Win32/CryptInject","ver.exe","522","2025-03-20"
"VT Tag","direct-cpu-clock-access","a41713b709cbc5828d66de5846eda9611dc29f25","Trojan:Win32/CryptInject","ver.exe","522","2025-03-20"
"VT Tag","direct-cpu-clock-access","3588bda890ebf6138a82ae2e4f3cd7234ec071f343c9f5db5a96a54734eeaf9f","Trojan:Win32/Alevaul!rfn","PortBruteWin.exe","522","2025-03-20"
"VT Tag","direct-cpu-clock-access","f4ea99dc41cb7922d01955eef9303ec3a24b88c3318138855346de1e830ed09e","Trojan:Win32/CryptInject","ver.exe","522","2025-08-06"
"VT Tag","direct-cpu-clock-access","09cea8aed5c58c446e6ef4d9bb83f7b5d7ba7b7c89d4164f397d378832722b69","Trojan:Win32/Alevaul!rfn","SharpRDP.exe","522","2025-03-20"
"VT Tag","elf","ffb8db57b543ba8a5086640a0b59a5def4929ad261e9f3624b2c0a22ae380391","Trojan:Win32/Casdet!rfn","linux.x","2366","2025-06-01"
"VT Tag","idle","efc0d2c1e05e106c5c36160e17619a494676deb136fb877c6d26f3adf75a5777","Trojan:Win64/Malgent!MSR","In Swor(x64).exe","1700","2025-03-08"
"VT Tag","idle","a284c8b14e4be0e2e561e5ff64e82dc7","Trojan:Win32/CryptInject","ver.exe","1700","2025-03-20"
"VT Tag","idle","a41713b709cbc5828d66de5846eda9611dc29f25","Trojan:Win32/CryptInject","ver.exe","1700","2025-03-20"
"VT Tag","idle","a774244ea5d759c4044aea75128a977e45fd6d1bb5942d9a8a1c5d7bff7e3db9","HackTool:Win64/FScan!MSR","DingTalk.exe","1700","2025-04-01"
"VT Tag","idle","f4ea99dc41cb7922d01955eef9303ec3a24b88c3318138855346de1e830ed09e","Trojan:Win32/CryptInject","ver.exe","1700","2025-08-06"
"VT Tag","invalid-signature","a774244ea5d759c4044aea75128a977e45fd6d1bb5942d9a8a1c5d7bff7e3db9","HackTool:Win64/FScan!MSR","DingTalk.exe","230","2025-04-01"
"VT Tag","long-sleeps","09cea8aed5c58c446e6ef4d9bb83f7b5d7ba7b7c89d4164f397d378832722b69","Trojan:Win32/Alevaul!rfn","SharpRDP.exe","336","2025-03-20"
"VT Tag","long-sleeps","5b0f8c650f54f17d002c01dcc74713a40eccb0367357d3f86490e9d17fcd71e8","Trojan:Win32/Alevaul!rfn","ced0cc00-a760-11e9-83c3-cab5a4b5318c","336","2025-03-20"
"VT Tag","long-sleeps","e159824448a8e53425b38bd11030aa786c460f956c9d7fc118b212e8ced4087a","Unknown","config/mimikatz.dat","336","2025-07-01"
"VT Tag","long-sleeps","02ab315e4e3cf71c1632c91d4914c21b9f6e0b9aa0263f2400d6381aab759a61","Trojan:Win32/Alevaul!rfn","C:\Users\user\AppData\Local\Temp\btpkrtce.yz5\svchost.exe","336","2025-06-30"
"VT Tag","overlay","a774244ea5d759c4044aea75128a977e45fd6d1bb5942d9a8a1c5d7bff7e3db9","HackTool:Win64/FScan!MSR","DingTalk.exe","3485","2025-04-01"
"VT Tag","peexe","a774244ea5d759c4044aea75128a977e45fd6d1bb5942d9a8a1c5d7bff7e3db9","HackTool:Win64/FScan!MSR","DingTalk.exe","6945","2025-04-01"
"VT Tag","peexe","09cea8aed5c58c446e6ef4d9bb83f7b5d7ba7b7c89d4164f397d378832722b69","Trojan:Win32/Alevaul!rfn","SharpRDP.exe","6945","2025-03-20"
"VT Tag","peexe","02ab315e4e3cf71c1632c91d4914c21b9f6e0b9aa0263f2400d6381aab759a61","Trojan:Win32/Alevaul!rfn","C:\Users\user\AppData\Local\Temp\btpkrtce.yz5\svchost.exe","6945","2025-06-30"
"VT Tag","peexe","f4ea99dc41cb7922d01955eef9303ec3a24b88c3318138855346de1e830ed09e","Trojan:Win32/CryptInject","ver.exe","6945","2025-08-06"
"VT Tag","peexe","3588bda890ebf6138a82ae2e4f3cd7234ec071f343c9f5db5a96a54734eeaf9f","Trojan:Win32/Alevaul!rfn","PortBruteWin.exe","6945","2025-03-20"
"VT Tag","peexe","efc0d2c1e05e106c5c36160e17619a494676deb136fb877c6d26f3adf75a5777","Trojan:Win64/Malgent!MSR","In Swor(x64).exe","6945","2025-03-08"
"VT Tag","peexe","a41713b709cbc5828d66de5846eda9611dc29f25","Trojan:Win32/CryptInject","ver.exe","6945","2025-03-20"
"VT Tag","peexe","a284c8b14e4be0e2e561e5ff64e82dc7","Trojan:Win32/CryptInject","ver.exe","6945","2025-03-20"
"VT Tag","runtime-modules","09cea8aed5c58c446e6ef4d9bb83f7b5d7ba7b7c89d4164f397d378832722b69","Trojan:Win32/Alevaul!rfn","SharpRDP.exe","649","2025-03-20"
"VT Tag","runtime-modules","3588bda890ebf6138a82ae2e4f3cd7234ec071f343c9f5db5a96a54734eeaf9f","Trojan:Win32/Alevaul!rfn","PortBruteWin.exe","649","2025-03-20"
"VT Tag","runtime-modules","f4ea99dc41cb7922d01955eef9303ec3a24b88c3318138855346de1e830ed09e","Trojan:Win32/CryptInject","ver.exe","649","2025-08-06"
"VT Tag","runtime-modules","a41713b709cbc5828d66de5846eda9611dc29f25","Trojan:Win32/CryptInject","ver.exe","649","2025-03-20"
"VT Tag","runtime-modules","a284c8b14e4be0e2e561e5ff64e82dc7","Trojan:Win32/CryptInject","ver.exe","649","2025-03-20"
"VT Tag","sets-process-name","5b0f8c650f54f17d002c01dcc74713a40eccb0367357d3f86490e9d17fcd71e8","Trojan:Win32/Alevaul!rfn","ced0cc00-a760-11e9-83c3-cab5a4b5318c","17","2025-03-20"
"VT Tag","signed","a774244ea5d759c4044aea75128a977e45fd6d1bb5942d9a8a1c5d7bff7e3db9","HackTool:Win64/FScan!MSR","DingTalk.exe","2843","2025-04-01"
"VT Tag","upx","f4ea99dc41cb7922d01955eef9303ec3a24b88c3318138855346de1e830ed09e","Trojan:Win32/CryptInject","ver.exe","24","2025-08-06"
"VT Tag","upx","a41713b709cbc5828d66de5846eda9611dc29f25","Trojan:Win32/CryptInject","ver.exe","24","2025-03-20"
"VT Tag","upx","a284c8b14e4be0e2e561e5ff64e82dc7","Trojan:Win32/CryptInject","ver.exe","24","2025-03-20"
"VT Tag","zip","5b0f8c650f54f17d002c01dcc74713a40eccb0367357d3f86490e9d17fcd71e8","Trojan:Win32/Alevaul!rfn","ced0cc00-a760-11e9-83c3-cab5a4b5318c","0","2025-03-20"
"Windows API","ADVAPI32.dll!CryptAcquireContextA","02ab315e4e3cf71c1632c91d4914c21b9f6e0b9aa0263f2400d6381aab759a61","Trojan:Win32/Alevaul!rfn","C:\Users\user\AppData\Local\Temp\btpkrtce.yz5\svchost.exe","232","2025-06-30"
"Windows API","ADVAPI32.dll!CryptGenRandom","02ab315e4e3cf71c1632c91d4914c21b9f6e0b9aa0263f2400d6381aab759a61","Trojan:Win32/Alevaul!rfn","C:\Users\user\AppData\Local\Temp\btpkrtce.yz5\svchost.exe","319","2025-06-30"
"Windows API","ADVAPI32.dll!CryptReleaseContext","02ab315e4e3cf71c1632c91d4914c21b9f6e0b9aa0263f2400d6381aab759a61","Trojan:Win32/Alevaul!rfn","C:\Users\user\AppData\Local\Temp\btpkrtce.yz5\svchost.exe","528","2025-06-30"
"Windows API","ADVAPI32.dll!ImpersonateLoggedOnUser","02ab315e4e3cf71c1632c91d4914c21b9f6e0b9aa0263f2400d6381aab759a61","Trojan:Win32/Alevaul!rfn","C:\Users\user\AppData\Local\Temp\btpkrtce.yz5\svchost.exe","167","2025-06-30"
"Windows API","ADVAPI32.dll!OpenProcessToken","02ab315e4e3cf71c1632c91d4914c21b9f6e0b9aa0263f2400d6381aab759a61","Trojan:Win32/Alevaul!rfn","C:\Users\user\AppData\Local\Temp\btpkrtce.yz5\svchost.exe","1307","2025-06-30"
"Windows API","ADVAPI32.dll!RegCloseKey","02ab315e4e3cf71c1632c91d4914c21b9f6e0b9aa0263f2400d6381aab759a61","Trojan:Win32/Alevaul!rfn","C:\Users\user\AppData\Local\Temp\btpkrtce.yz5\svchost.exe","2320","2025-06-30"
"Windows API","ADVAPI32.dll!RegEnumKeyExA","02ab315e4e3cf71c1632c91d4914c21b9f6e0b9aa0263f2400d6381aab759a61","Trojan:Win32/Alevaul!rfn","C:\Users\user\AppData\Local\Temp\btpkrtce.yz5\svchost.exe","336","2025-06-30"
"Windows API","ADVAPI32.dll!RegOpenKeyExA","02ab315e4e3cf71c1632c91d4914c21b9f6e0b9aa0263f2400d6381aab759a61","Trojan:Win32/Alevaul!rfn","C:\Users\user\AppData\Local\Temp\btpkrtce.yz5\svchost.exe","784","2025-06-30"
"Windows API","ADVAPI32.dll!RegQueryValueExA","02ab315e4e3cf71c1632c91d4914c21b9f6e0b9aa0263f2400d6381aab759a61","Trojan:Win32/Alevaul!rfn","C:\Users\user\AppData\Local\Temp\btpkrtce.yz5\svchost.exe","874","2025-06-30"
"Windows API","IPHLPAPI.DLL!FreeMibTable","02ab315e4e3cf71c1632c91d4914c21b9f6e0b9aa0263f2400d6381aab759a61","Trojan:Win32/Alevaul!rfn","C:\Users\user\AppData\Local\Temp\btpkrtce.yz5\svchost.exe","48","2025-06-30"
"Windows API","IPHLPAPI.DLL!GetBestInterfaceEx","02ab315e4e3cf71c1632c91d4914c21b9f6e0b9aa0263f2400d6381aab759a61","Trojan:Win32/Alevaul!rfn","C:\Users\user\AppData\Local\Temp\btpkrtce.yz5\svchost.exe","1","2025-06-30"
"Windows API","IPHLPAPI.DLL!GetUnicastIpAddressTable","02ab315e4e3cf71c1632c91d4914c21b9f6e0b9aa0263f2400d6381aab759a61","Trojan:Win32/Alevaul!rfn","C:\Users\user\AppData\Local\Temp\btpkrtce.yz5\svchost.exe","36","2025-06-30"
"Windows API","kernel32.dll!AddVectoredExceptionHandler","3588bda890ebf6138a82ae2e4f3cd7234ec071f343c9f5db5a96a54734eeaf9f","Trojan:Win32/Alevaul!rfn","PortBruteWin.exe","1222","2025-03-20"
"Windows API","kernel32.dll!AddVectoredExceptionHandler","efc0d2c1e05e106c5c36160e17619a494676deb136fb877c6d26f3adf75a5777","Trojan:Win64/Malgent!MSR","In Swor(x64).exe","1222","2025-03-08"
"Windows API","kernel32.dll!AddVectoredExceptionHandler","a774244ea5d759c4044aea75128a977e45fd6d1bb5942d9a8a1c5d7bff7e3db9","HackTool:Win64/FScan!MSR","DingTalk.exe","1222","2025-04-01"
"Windows API","KERNEL32.dll!CloseHandle","3588bda890ebf6138a82ae2e4f3cd7234ec071f343c9f5db5a96a54734eeaf9f","Trojan:Win32/Alevaul!rfn","PortBruteWin.exe","4076","2025-03-20"
"Windows API","KERNEL32.dll!CloseHandle","efc0d2c1e05e106c5c36160e17619a494676deb136fb877c6d26f3adf75a5777","Trojan:Win64/Malgent!MSR","In Swor(x64).exe","4076","2025-03-08"
"Windows API","KERNEL32.dll!CloseHandle","02ab315e4e3cf71c1632c91d4914c21b9f6e0b9aa0263f2400d6381aab759a61","Trojan:Win32/Alevaul!rfn","C:\Users\user\AppData\Local\Temp\btpkrtce.yz5\svchost.exe","4076","2025-06-30"
"Windows API","KERNEL32.dll!CloseHandle","a774244ea5d759c4044aea75128a977e45fd6d1bb5942d9a8a1c5d7bff7e3db9","HackTool:Win64/FScan!MSR","DingTalk.exe","4076","2025-04-01"
"Windows API","KERNEL32.dll!CompareStringW","02ab315e4e3cf71c1632c91d4914c21b9f6e0b9aa0263f2400d6381aab759a61","Trojan:Win32/Alevaul!rfn","C:\Users\user\AppData\Local\Temp\btpkrtce.yz5\svchost.exe","2005","2025-06-30"
"Windows API","kernel32.dll!CreateEventA","efc0d2c1e05e106c5c36160e17619a494676deb136fb877c6d26f3adf75a5777","Trojan:Win64/Malgent!MSR","In Swor(x64).exe","1433","2025-03-08"
"Windows API","kernel32.dll!CreateEventA","a774244ea5d759c4044aea75128a977e45fd6d1bb5942d9a8a1c5d7bff7e3db9","HackTool:Win64/FScan!MSR","DingTalk.exe","1433","2025-04-01"
"Windows API","kernel32.dll!CreateEventA","3588bda890ebf6138a82ae2e4f3cd7234ec071f343c9f5db5a96a54734eeaf9f","Trojan:Win32/Alevaul!rfn","PortBruteWin.exe","1433","2025-03-20"
"Windows API","KERNEL32.dll!CreateEventW","02ab315e4e3cf71c1632c91d4914c21b9f6e0b9aa0263f2400d6381aab759a61","Trojan:Win32/Alevaul!rfn","C:\Users\user\AppData\Local\Temp\btpkrtce.yz5\svchost.exe","1744","2025-06-30"
"Windows API","kernel32.dll!CreateFileA","a774244ea5d759c4044aea75128a977e45fd6d1bb5942d9a8a1c5d7bff7e3db9","HackTool:Win64/FScan!MSR","DingTalk.exe","1772","2025-04-01"
"Windows API","KERNEL32.dll!CreateFileW","02ab315e4e3cf71c1632c91d4914c21b9f6e0b9aa0263f2400d6381aab759a61","Trojan:Win32/Alevaul!rfn","C:\Users\user\AppData\Local\Temp\btpkrtce.yz5\svchost.exe","2910","2025-06-30"
"Windows API","KERNEL32.dll!CreateIoCompletionPort","02ab315e4e3cf71c1632c91d4914c21b9f6e0b9aa0263f2400d6381aab759a61","Trojan:Win32/Alevaul!rfn","C:\Users\user\AppData\Local\Temp\btpkrtce.yz5\svchost.exe","1666","2025-06-30"
"Windows API","KERNEL32.dll!CreateIoCompletionPort","a774244ea5d759c4044aea75128a977e45fd6d1bb5942d9a8a1c5d7bff7e3db9","HackTool:Win64/FScan!MSR","DingTalk.exe","1666","2025-04-01"
"Windows API","KERNEL32.dll!CreateIoCompletionPort","3588bda890ebf6138a82ae2e4f3cd7234ec071f343c9f5db5a96a54734eeaf9f","Trojan:Win32/Alevaul!rfn","PortBruteWin.exe","1666","2025-03-20"
"Windows API","KERNEL32.dll!CreateMutexA","02ab315e4e3cf71c1632c91d4914c21b9f6e0b9aa0263f2400d6381aab759a61","Trojan:Win32/Alevaul!rfn","C:\Users\user\AppData\Local\Temp\btpkrtce.yz5\svchost.exe","502","2025-06-30"
"Windows API","KERNEL32.dll!CreateSemaphoreA","efc0d2c1e05e106c5c36160e17619a494676deb136fb877c6d26f3adf75a5777","Trojan:Win64/Malgent!MSR","In Swor(x64).exe","534","2025-03-08"
"Windows API","KERNEL32.dll!CreateThread","3588bda890ebf6138a82ae2e4f3cd7234ec071f343c9f5db5a96a54734eeaf9f","Trojan:Win32/Alevaul!rfn","PortBruteWin.exe","2816","2025-03-20"
"Windows API","KERNEL32.dll!CreateThread","a774244ea5d759c4044aea75128a977e45fd6d1bb5942d9a8a1c5d7bff7e3db9","HackTool:Win64/FScan!MSR","DingTalk.exe","2816","2025-04-01"
"Windows API","KERNEL32.dll!CreateThread","02ab315e4e3cf71c1632c91d4914c21b9f6e0b9aa0263f2400d6381aab759a61","Trojan:Win32/Alevaul!rfn","C:\Users\user\AppData\Local\Temp\btpkrtce.yz5\svchost.exe","2816","2025-06-30"
"Windows API","KERNEL32.dll!CreateToolhelp32Snapshot","02ab315e4e3cf71c1632c91d4914c21b9f6e0b9aa0263f2400d6381aab759a61","Trojan:Win32/Alevaul!rfn","C:\Users\user\AppData\Local\Temp\btpkrtce.yz5\svchost.exe","763","2025-06-30"
"Windows API","kernel32.dll!CreateWaitableTimerExW","a774244ea5d759c4044aea75128a977e45fd6d1bb5942d9a8a1c5d7bff7e3db9","HackTool:Win64/FScan!MSR","DingTalk.exe","650","2025-04-01"
"Windows API","KERNEL32.dll!CreateWaitableTimerW","02ab315e4e3cf71c1632c91d4914c21b9f6e0b9aa0263f2400d6381aab759a61","Trojan:Win32/Alevaul!rfn","C:\Users\user\AppData\Local\Temp\btpkrtce.yz5\svchost.exe","85","2025-06-30"
"Windows API","KERNEL32.dll!DeleteCriticalSection","02ab315e4e3cf71c1632c91d4914c21b9f6e0b9aa0263f2400d6381aab759a61","Trojan:Win32/Alevaul!rfn","C:\Users\user\AppData\Local\Temp\btpkrtce.yz5\svchost.exe","3396","2025-06-30"
"Windows API","KERNEL32.dll!DeleteCriticalSection","efc0d2c1e05e106c5c36160e17619a494676deb136fb877c6d26f3adf75a5777","Trojan:Win64/Malgent!MSR","In Swor(x64).exe","3396","2025-03-08"
"Windows API","kernel32.dll!DuplicateHandle","a774244ea5d759c4044aea75128a977e45fd6d1bb5942d9a8a1c5d7bff7e3db9","HackTool:Win64/FScan!MSR","DingTalk.exe","2236","2025-04-01"
"Windows API","kernel32.dll!DuplicateHandle","3588bda890ebf6138a82ae2e4f3cd7234ec071f343c9f5db5a96a54734eeaf9f","Trojan:Win32/Alevaul!rfn","PortBruteWin.exe","2236","2025-03-20"
"Windows API","kernel32.dll!DuplicateHandle","efc0d2c1e05e106c5c36160e17619a494676deb136fb877c6d26f3adf75a5777","Trojan:Win64/Malgent!MSR","In Swor(x64).exe","2236","2025-03-08"
"Windows API","KERNEL32.dll!EncodePointer","02ab315e4e3cf71c1632c91d4914c21b9f6e0b9aa0263f2400d6381aab759a61","Trojan:Win32/Alevaul!rfn","C:\Users\user\AppData\Local\Temp\btpkrtce.yz5\svchost.exe","2416","2025-06-30"
"Windows API","KERNEL32.dll!EnterCriticalSection","02ab315e4e3cf71c1632c91d4914c21b9f6e0b9aa0263f2400d6381aab759a61","Trojan:Win32/Alevaul!rfn","C:\Users\user\AppData\Local\Temp\btpkrtce.yz5\svchost.exe","3491","2025-06-30"
"Windows API","KERNEL32.dll!EnterCriticalSection","efc0d2c1e05e106c5c36160e17619a494676deb136fb877c6d26f3adf75a5777","Trojan:Win64/Malgent!MSR","In Swor(x64).exe","3491","2025-03-08"
"Windows API","KERNEL32.dll!EnumCalendarInfoA","efc0d2c1e05e106c5c36160e17619a494676deb136fb877c6d26f3adf75a5777","Trojan:Win64/Malgent!MSR","In Swor(x64).exe","38","2025-03-08"
"Windows API","KERNEL32.dll!EnumSystemLocalesW","02ab315e4e3cf71c1632c91d4914c21b9f6e0b9aa0263f2400d6381aab759a61","Trojan:Win32/Alevaul!rfn","C:\Users\user\AppData\Local\Temp\btpkrtce.yz5\svchost.exe","1256","2025-06-30"
"Windows API","KERNEL32.dll!ExitProcess","a774244ea5d759c4044aea75128a977e45fd6d1bb5942d9a8a1c5d7bff7e3db9","HackTool:Win64/FScan!MSR","DingTalk.exe","3312","2025-04-01"
"Windows API","KERNEL32.dll!ExitProcess","02ab315e4e3cf71c1632c91d4914c21b9f6e0b9aa0263f2400d6381aab759a61","Trojan:Win32/Alevaul!rfn","C:\Users\user\AppData\Local\Temp\btpkrtce.yz5\svchost.exe","3312","2025-06-30"
"Windows API","KERNEL32.dll!ExitProcess","a284c8b14e4be0e2e561e5ff64e82dc7","Trojan:Win32/CryptInject","ver.exe","3312","2025-03-20"
"Windows API","KERNEL32.dll!ExitProcess","a41713b709cbc5828d66de5846eda9611dc29f25","Trojan:Win32/CryptInject","ver.exe","3312","2025-03-20"
"Windows API","KERNEL32.dll!ExitProcess","f4ea99dc41cb7922d01955eef9303ec3a24b88c3318138855346de1e830ed09e","Trojan:Win32/CryptInject","ver.exe","3312","2025-08-06"
"Windows API","KERNEL32.dll!ExitProcess","3588bda890ebf6138a82ae2e4f3cd7234ec071f343c9f5db5a96a54734eeaf9f","Trojan:Win32/Alevaul!rfn","PortBruteWin.exe","3312","2025-03-20"
"Windows API","KERNEL32.dll!ExitThread","02ab315e4e3cf71c1632c91d4914c21b9f6e0b9aa0263f2400d6381aab759a61","Trojan:Win32/Alevaul!rfn","C:\Users\user\AppData\Local\Temp\btpkrtce.yz5\svchost.exe","837","2025-06-30"
"Windows API","KERNEL32.dll!ExpandEnvironmentStringsA","02ab315e4e3cf71c1632c91d4914c21b9f6e0b9aa0263f2400d6381aab759a61","Trojan:Win32/Alevaul!rfn","C:\Users\user\AppData\Local\Temp\btpkrtce.yz5\svchost.exe","361","2025-06-30"
"Windows API","KERNEL32.dll!FindClose","02ab315e4e3cf71c1632c91d4914c21b9f6e0b9aa0263f2400d6381aab759a61","Trojan:Win32/Alevaul!rfn","C:\Users\user\AppData\Local\Temp\btpkrtce.yz5\svchost.exe","3200","2025-06-30"
"Windows API","KERNEL32.dll!FindFirstFileExW","02ab315e4e3cf71c1632c91d4914c21b9f6e0b9aa0263f2400d6381aab759a61","Trojan:Win32/Alevaul!rfn","C:\Users\user\AppData\Local\Temp\btpkrtce.yz5\svchost.exe","2108","2025-06-30"
"Windows API","KERNEL32.dll!FindNextFileW","02ab315e4e3cf71c1632c91d4914c21b9f6e0b9aa0263f2400d6381aab759a61","Trojan:Win32/Alevaul!rfn","C:\Users\user\AppData\Local\Temp\btpkrtce.yz5\svchost.exe","2692","2025-06-30"
"Windows API","KERNEL32.dll!FlushFileBuffers","02ab315e4e3cf71c1632c91d4914c21b9f6e0b9aa0263f2400d6381aab759a61","Trojan:Win32/Alevaul!rfn","C:\Users\user\AppData\Local\Temp\btpkrtce.yz5\svchost.exe","2530","2025-06-30"
"Windows API","KERNEL32.dll!FormatMessageA","efc0d2c1e05e106c5c36160e17619a494676deb136fb877c6d26f3adf75a5777","Trojan:Win64/Malgent!MSR","In Swor(x64).exe","1592","2025-03-08"
"Windows API","KERNEL32.dll!FormatMessageW","02ab315e4e3cf71c1632c91d4914c21b9f6e0b9aa0263f2400d6381aab759a61","Trojan:Win32/Alevaul!rfn","C:\Users\user\AppData\Local\Temp\btpkrtce.yz5\svchost.exe","1917","2025-06-30"
"Windows API","KERNEL32.dll!FreeEnvironmentStringsW","a774244ea5d759c4044aea75128a977e45fd6d1bb5942d9a8a1c5d7bff7e3db9","HackTool:Win64/FScan!MSR","DingTalk.exe","2933","2025-04-01"
"Windows API","KERNEL32.dll!FreeEnvironmentStringsW","02ab315e4e3cf71c1632c91d4914c21b9f6e0b9aa0263f2400d6381aab759a61","Trojan:Win32/Alevaul!rfn","C:\Users\user\AppData\Local\Temp\btpkrtce.yz5\svchost.exe","2933","2025-06-30"
"Windows API","KERNEL32.dll!FreeEnvironmentStringsW","3588bda890ebf6138a82ae2e4f3cd7234ec071f343c9f5db5a96a54734eeaf9f","Trojan:Win32/Alevaul!rfn","PortBruteWin.exe","2933","2025-03-20"
"Windows API","KERNEL32.dll!FreeLibrary","02ab315e4e3cf71c1632c91d4914c21b9f6e0b9aa0263f2400d6381aab759a61","Trojan:Win32/Alevaul!rfn","C:\Users\user\AppData\Local\Temp\btpkrtce.yz5\svchost.exe","3350","2025-06-30"
"Windows API","KERNEL32.dll!FreeLibraryAndExitThread","02ab315e4e3cf71c1632c91d4914c21b9f6e0b9aa0263f2400d6381aab759a61","Trojan:Win32/Alevaul!rfn","C:\Users\user\AppData\Local\Temp\btpkrtce.yz5\svchost.exe","559","2025-06-30"
"Windows API","KERNEL32.dll!GetACP","02ab315e4e3cf71c1632c91d4914c21b9f6e0b9aa0263f2400d6381aab759a61","Trojan:Win32/Alevaul!rfn","C:\Users\user\AppData\Local\Temp\btpkrtce.yz5\svchost.exe","2544","2025-06-30"
"Windows API","KERNEL32.dll!GetCommandLineA","02ab315e4e3cf71c1632c91d4914c21b9f6e0b9aa0263f2400d6381aab759a61","Trojan:Win32/Alevaul!rfn","C:\Users\user\AppData\Local\Temp\btpkrtce.yz5\svchost.exe","2186","2025-06-30"
"Windows API","KERNEL32.dll!GetCommandLineW","02ab315e4e3cf71c1632c91d4914c21b9f6e0b9aa0263f2400d6381aab759a61","Trojan:Win32/Alevaul!rfn","C:\Users\user\AppData\Local\Temp\btpkrtce.yz5\svchost.exe","2550","2025-06-30"
"Windows API","KERNEL32.dll!GetConsoleCP","02ab315e4e3cf71c1632c91d4914c21b9f6e0b9aa0263f2400d6381aab759a61","Trojan:Win32/Alevaul!rfn","C:\Users\user\AppData\Local\Temp\btpkrtce.yz5\svchost.exe","898","2025-06-30"
"Windows API","KERNEL32.dll!GetConsoleMode","a774244ea5d759c4044aea75128a977e45fd6d1bb5942d9a8a1c5d7bff7e3db9","HackTool:Win64/FScan!MSR","DingTalk.exe","3028","2025-04-01"
"Windows API","KERNEL32.dll!GetConsoleMode","3588bda890ebf6138a82ae2e4f3cd7234ec071f343c9f5db5a96a54734eeaf9f","Trojan:Win32/Alevaul!rfn","PortBruteWin.exe","3028","2025-03-20"
"Windows API","KERNEL32.dll!GetConsoleMode","02ab315e4e3cf71c1632c91d4914c21b9f6e0b9aa0263f2400d6381aab759a61","Trojan:Win32/Alevaul!rfn","C:\Users\user\AppData\Local\Temp\btpkrtce.yz5\svchost.exe","3028","2025-06-30"
"Windows API","KERNEL32.dll!GetConsoleWindow","02ab315e4e3cf71c1632c91d4914c21b9f6e0b9aa0263f2400d6381aab759a61","Trojan:Win32/Alevaul!rfn","C:\Users\user\AppData\Local\Temp\btpkrtce.yz5\svchost.exe","135","2025-06-30"
"Windows API","KERNEL32.dll!GetCPInfo","02ab315e4e3cf71c1632c91d4914c21b9f6e0b9aa0263f2400d6381aab759a61","Trojan:Win32/Alevaul!rfn","C:\Users\user\AppData\Local\Temp\btpkrtce.yz5\svchost.exe","2294","2025-06-30"
"Windows API","KERNEL32.dll!GetCPInfoExW","02ab315e4e3cf71c1632c91d4914c21b9f6e0b9aa0263f2400d6381aab759a61","Trojan:Win32/Alevaul!rfn","C:\Users\user\AppData\Local\Temp\btpkrtce.yz5\svchost.exe","104","2025-06-30"
"Windows API","KERNEL32.dll!GetCurrentProcess","efc0d2c1e05e106c5c36160e17619a494676deb136fb877c6d26f3adf75a5777","Trojan:Win64/Malgent!MSR","In Swor(x64).exe","4027","2025-03-08"
"Windows API","KERNEL32.dll!GetCurrentProcess","02ab315e4e3cf71c1632c91d4914c21b9f6e0b9aa0263f2400d6381aab759a61","Trojan:Win32/Alevaul!rfn","C:\Users\user\AppData\Local\Temp\btpkrtce.yz5\svchost.exe","4027","2025-06-30"
"Windows API","KERNEL32.dll!GetCurrentProcessId","efc0d2c1e05e106c5c36160e17619a494676deb136fb877c6d26f3adf75a5777","Trojan:Win64/Malgent!MSR","In Swor(x64).exe","3912","2025-03-08"
"Windows API","KERNEL32.dll!GetCurrentProcessId","02ab315e4e3cf71c1632c91d4914c21b9f6e0b9aa0263f2400d6381aab759a61","Trojan:Win32/Alevaul!rfn","C:\Users\user\AppData\Local\Temp\btpkrtce.yz5\svchost.exe","3912","2025-06-30"
"Windows API","KERNEL32.dll!GetCurrentThread","efc0d2c1e05e106c5c36160e17619a494676deb136fb877c6d26f3adf75a5777","Trojan:Win64/Malgent!MSR","In Swor(x64).exe","1547","2025-03-08"
"Windows API","KERNEL32.dll!GetCurrentThreadId","efc0d2c1e05e106c5c36160e17619a494676deb136fb877c6d26f3adf75a5777","Trojan:Win64/Malgent!MSR","In Swor(x64).exe","4330","2025-03-08"
"Windows API","KERNEL32.dll!GetCurrentThreadId","02ab315e4e3cf71c1632c91d4914c21b9f6e0b9aa0263f2400d6381aab759a61","Trojan:Win32/Alevaul!rfn","C:\Users\user\AppData\Local\Temp\btpkrtce.yz5\svchost.exe","4330","2025-06-30"
"Windows API","KERNEL32.dll!GetCurrentThreadId","a774244ea5d759c4044aea75128a977e45fd6d1bb5942d9a8a1c5d7bff7e3db9","HackTool:Win64/FScan!MSR","DingTalk.exe","4330","2025-04-01"
"Windows API","KERNEL32.dll!GetDateFormatW","02ab315e4e3cf71c1632c91d4914c21b9f6e0b9aa0263f2400d6381aab759a61","Trojan:Win32/Alevaul!rfn","C:\Users\user\AppData\Local\Temp\btpkrtce.yz5\svchost.exe","1165","2025-06-30"
"Windows API","KERNEL32.dll!GetEnvironmentStringsW","02ab315e4e3cf71c1632c91d4914c21b9f6e0b9aa0263f2400d6381aab759a61","Trojan:Win32/Alevaul!rfn","C:\Users\user\AppData\Local\Temp\btpkrtce.yz5\svchost.exe","2937","2025-06-30"
"Windows API","KERNEL32.dll!GetEnvironmentStringsW","3588bda890ebf6138a82ae2e4f3cd7234ec071f343c9f5db5a96a54734eeaf9f","Trojan:Win32/Alevaul!rfn","PortBruteWin.exe","2937","2025-03-20"
"Windows API","KERNEL32.dll!GetEnvironmentStringsW","a774244ea5d759c4044aea75128a977e45fd6d1bb5942d9a8a1c5d7bff7e3db9","HackTool:Win64/FScan!MSR","DingTalk.exe","2937","2025-04-01"
"Windows API","kernel32.dll!GetErrorMode","a774244ea5d759c4044aea75128a977e45fd6d1bb5942d9a8a1c5d7bff7e3db9","HackTool:Win64/FScan!MSR","DingTalk.exe","500","2025-04-01"
"Windows API","KERNEL32.dll!GetFileSizeEx","02ab315e4e3cf71c1632c91d4914c21b9f6e0b9aa0263f2400d6381aab759a61","Trojan:Win32/Alevaul!rfn","C:\Users\user\AppData\Local\Temp\btpkrtce.yz5\svchost.exe","1635","2025-06-30"
"Windows API","KERNEL32.dll!GetFileType","02ab315e4e3cf71c1632c91d4914c21b9f6e0b9aa0263f2400d6381aab759a61","Trojan:Win32/Alevaul!rfn","C:\Users\user\AppData\Local\Temp\btpkrtce.yz5\svchost.exe","2564","2025-06-30"
"Windows API","KERNEL32.dll!GetHandleInformation","efc0d2c1e05e106c5c36160e17619a494676deb136fb877c6d26f3adf75a5777","Trojan:Win64/Malgent!MSR","In Swor(x64).exe","252","2025-03-08"
"Windows API","KERNEL32.dll!GetLastError","02ab315e4e3cf71c1632c91d4914c21b9f6e0b9aa0263f2400d6381aab759a61","Trojan:Win32/Alevaul!rfn","C:\Users\user\AppData\Local\Temp\btpkrtce.yz5\svchost.exe","3941","2025-06-30"
"Windows API","KERNEL32.dll!GetLastError","efc0d2c1e05e106c5c36160e17619a494676deb136fb877c6d26f3adf75a5777","Trojan:Win64/Malgent!MSR","In Swor(x64).exe","3941","2025-03-08"
"Windows API","KERNEL32.dll!GetLocaleInfoW","02ab315e4e3cf71c1632c91d4914c21b9f6e0b9aa0263f2400d6381aab759a61","Trojan:Win32/Alevaul!rfn","C:\Users\user\AppData\Local\Temp\btpkrtce.yz5\svchost.exe","1575","2025-06-30"
"Windows API","KERNEL32.dll!GetModuleFileNameW","02ab315e4e3cf71c1632c91d4914c21b9f6e0b9aa0263f2400d6381aab759a61","Trojan:Win32/Alevaul!rfn","C:\Users\user\AppData\Local\Temp\btpkrtce.yz5\svchost.exe","3199","2025-06-30"
"Windows API","KERNEL32.dll!GetModuleHandleExW","02ab315e4e3cf71c1632c91d4914c21b9f6e0b9aa0263f2400d6381aab759a61","Trojan:Win32/Alevaul!rfn","C:\Users\user\AppData\Local\Temp\btpkrtce.yz5\svchost.exe","2254","2025-06-30"
"Windows API","KERNEL32.dll!GetModuleHandleW","02ab315e4e3cf71c1632c91d4914c21b9f6e0b9aa0263f2400d6381aab759a61","Trojan:Win32/Alevaul!rfn","C:\Users\user\AppData\Local\Temp\btpkrtce.yz5\svchost.exe","3859","2025-06-30"
"Windows API","KERNEL32.dll!GetModuleHandleW","efc0d2c1e05e106c5c36160e17619a494676deb136fb877c6d26f3adf75a5777","Trojan:Win64/Malgent!MSR","In Swor(x64).exe","3859","2025-03-08"
"Windows API","KERNEL32.dll!GetNativeSystemInfo","02ab315e4e3cf71c1632c91d4914c21b9f6e0b9aa0263f2400d6381aab759a61","Trojan:Win32/Alevaul!rfn","C:\Users\user\AppData\Local\Temp\btpkrtce.yz5\svchost.exe","979","2025-06-30"
"Windows API","KERNEL32.dll!GetOEMCP","02ab315e4e3cf71c1632c91d4914c21b9f6e0b9aa0263f2400d6381aab759a61","Trojan:Win32/Alevaul!rfn","C:\Users\user\AppData\Local\Temp\btpkrtce.yz5\svchost.exe","2190","2025-06-30"
"Windows API","KERNEL32.dll!GetProcAddress","f4ea99dc41cb7922d01955eef9303ec3a24b88c3318138855346de1e830ed09e","Trojan:Win32/CryptInject","ver.exe","4470","2025-08-06"
"Windows API","KERNEL32.dll!GetProcAddress","02ab315e4e3cf71c1632c91d4914c21b9f6e0b9aa0263f2400d6381aab759a61","Trojan:Win32/Alevaul!rfn","C:\Users\user\AppData\Local\Temp\btpkrtce.yz5\svchost.exe","4470","2025-06-30"
"Windows API","KERNEL32.dll!GetProcAddress","a41713b709cbc5828d66de5846eda9611dc29f25","Trojan:Win32/CryptInject","ver.exe","4470","2025-03-20"
"Windows API","KERNEL32.dll!GetProcAddress","a284c8b14e4be0e2e561e5ff64e82dc7","Trojan:Win32/CryptInject","ver.exe","4470","2025-03-20"
"Windows API","KERNEL32.dll!GetProcAddress","efc0d2c1e05e106c5c36160e17619a494676deb136fb877c6d26f3adf75a5777","Trojan:Win64/Malgent!MSR","In Swor(x64).exe","4470","2025-03-08"
"Windows API","KERNEL32.dll!GetProcAddress","3588bda890ebf6138a82ae2e4f3cd7234ec071f343c9f5db5a96a54734eeaf9f","Trojan:Win32/Alevaul!rfn","PortBruteWin.exe","4470","2025-03-20"
"Windows API","KERNEL32.dll!GetProcAddress","a774244ea5d759c4044aea75128a977e45fd6d1bb5942d9a8a1c5d7bff7e3db9","HackTool:Win64/FScan!MSR","DingTalk.exe","4470","2025-04-01"
"Windows API","kernel32.dll!GetProcessAffinityMask","3588bda890ebf6138a82ae2e4f3cd7234ec071f343c9f5db5a96a54734eeaf9f","Trojan:Win32/Alevaul!rfn","PortBruteWin.exe","905","2025-03-20"
"Windows API","kernel32.dll!GetProcessAffinityMask","efc0d2c1e05e106c5c36160e17619a494676deb136fb877c6d26f3adf75a5777","Trojan:Win64/Malgent!MSR","In Swor(x64).exe","905","2025-03-08"
"Windows API","kernel32.dll!GetProcessAffinityMask","a774244ea5d759c4044aea75128a977e45fd6d1bb5942d9a8a1c5d7bff7e3db9","HackTool:Win64/FScan!MSR","DingTalk.exe","905","2025-04-01"
"Windows API","KERNEL32.dll!GetProcessHeap","02ab315e4e3cf71c1632c91d4914c21b9f6e0b9aa0263f2400d6381aab759a61","Trojan:Win32/Alevaul!rfn","C:\Users\user\AppData\Local\Temp\btpkrtce.yz5\svchost.exe","2507","2025-06-30"
"Windows API","KERNEL32.dll!GetQueuedCompletionStatus","3588bda890ebf6138a82ae2e4f3cd7234ec071f343c9f5db5a96a54734eeaf9f","Trojan:Win32/Alevaul!rfn","PortBruteWin.exe","1035","2025-03-20"
"Windows API","KERNEL32.dll!GetQueuedCompletionStatus","02ab315e4e3cf71c1632c91d4914c21b9f6e0b9aa0263f2400d6381aab759a61","Trojan:Win32/Alevaul!rfn","C:\Users\user\AppData\Local\Temp\btpkrtce.yz5\svchost.exe","1035","2025-06-30"
"Windows API","kernel32.dll!GetQueuedCompletionStatusEx","a774244ea5d759c4044aea75128a977e45fd6d1bb5942d9a8a1c5d7bff7e3db9","HackTool:Win64/FScan!MSR","DingTalk.exe","695","2025-04-01"
"Windows API","KERNEL32.dll!GetStartupInfoW","02ab315e4e3cf71c1632c91d4914c21b9f6e0b9aa0263f2400d6381aab759a61","Trojan:Win32/Alevaul!rfn","C:\Users\user\AppData\Local\Temp\btpkrtce.yz5\svchost.exe","2632","2025-06-30"
"Windows API","KERNEL32.dll!GetStdHandle","3588bda890ebf6138a82ae2e4f3cd7234ec071f343c9f5db5a96a54734eeaf9f","Trojan:Win32/Alevaul!rfn","PortBruteWin.exe","3592","2025-03-20"
"Windows API","KERNEL32.dll!GetStdHandle","a774244ea5d759c4044aea75128a977e45fd6d1bb5942d9a8a1c5d7bff7e3db9","HackTool:Win64/FScan!MSR","DingTalk.exe","3592","2025-04-01"
"Windows API","KERNEL32.dll!GetStdHandle","02ab315e4e3cf71c1632c91d4914c21b9f6e0b9aa0263f2400d6381aab759a61","Trojan:Win32/Alevaul!rfn","C:\Users\user\AppData\Local\Temp\btpkrtce.yz5\svchost.exe","3592","2025-06-30"
"Windows API","KERNEL32.dll!GetStringTypeW","02ab315e4e3cf71c1632c91d4914c21b9f6e0b9aa0263f2400d6381aab759a61","Trojan:Win32/Alevaul!rfn","C:\Users\user\AppData\Local\Temp\btpkrtce.yz5\svchost.exe","2525","2025-06-30"
"Windows API","kernel32.dll!GetSystemDirectoryA","a774244ea5d759c4044aea75128a977e45fd6d1bb5942d9a8a1c5d7bff7e3db9","HackTool:Win64/FScan!MSR","DingTalk.exe","1065","2025-04-01"
"Windows API","kernel32.dll!GetSystemDirectoryA","3588bda890ebf6138a82ae2e4f3cd7234ec071f343c9f5db5a96a54734eeaf9f","Trojan:Win32/Alevaul!rfn","PortBruteWin.exe","1065","2025-03-20"
"Windows API","kernel32.dll!GetSystemInfo","3588bda890ebf6138a82ae2e4f3cd7234ec071f343c9f5db5a96a54734eeaf9f","Trojan:Win32/Alevaul!rfn","PortBruteWin.exe","2352","2025-03-20"
"Windows API","kernel32.dll!GetSystemInfo","a774244ea5d759c4044aea75128a977e45fd6d1bb5942d9a8a1c5d7bff7e3db9","HackTool:Win64/FScan!MSR","DingTalk.exe","2352","2025-04-01"
"Windows API","KERNEL32.dll!GetSystemTimeAsFileTime","efc0d2c1e05e106c5c36160e17619a494676deb136fb877c6d26f3adf75a5777","Trojan:Win64/Malgent!MSR","In Swor(x64).exe","3812","2025-03-08"
"Windows API","KERNEL32.dll!GetSystemTimeAsFileTime","02ab315e4e3cf71c1632c91d4914c21b9f6e0b9aa0263f2400d6381aab759a61","Trojan:Win32/Alevaul!rfn","C:\Users\user\AppData\Local\Temp\btpkrtce.yz5\svchost.exe","3812","2025-06-30"
"Windows API","kernel32.dll!GetThreadContext","a774244ea5d759c4044aea75128a977e45fd6d1bb5942d9a8a1c5d7bff7e3db9","HackTool:Win64/FScan!MSR","DingTalk.exe","1288","2025-04-01"
"Windows API","kernel32.dll!GetThreadContext","efc0d2c1e05e106c5c36160e17619a494676deb136fb877c6d26f3adf75a5777","Trojan:Win64/Malgent!MSR","In Swor(x64).exe","1288","2025-03-08"
"Windows API","kernel32.dll!GetThreadContext","3588bda890ebf6138a82ae2e4f3cd7234ec071f343c9f5db5a96a54734eeaf9f","Trojan:Win32/Alevaul!rfn","PortBruteWin.exe","1288","2025-03-20"
"Windows API","KERNEL32.dll!GetThreadPriority","efc0d2c1e05e106c5c36160e17619a494676deb136fb877c6d26f3adf75a5777","Trojan:Win64/Malgent!MSR","In Swor(x64).exe","865","2025-03-08"
"Windows API","KERNEL32.dll!GetTickCount","02ab315e4e3cf71c1632c91d4914c21b9f6e0b9aa0263f2400d6381aab759a61","Trojan:Win32/Alevaul!rfn","C:\Users\user\AppData\Local\Temp\btpkrtce.yz5\svchost.exe","2406","2025-06-30"
"Windows API","KERNEL32.dll!GetTickCount64","efc0d2c1e05e106c5c36160e17619a494676deb136fb877c6d26f3adf75a5777","Trojan:Win64/Malgent!MSR","In Swor(x64).exe","378","2025-03-08"
"Windows API","KERNEL32.dll!GetTimeFormatW","02ab315e4e3cf71c1632c91d4914c21b9f6e0b9aa0263f2400d6381aab759a61","Trojan:Win32/Alevaul!rfn","C:\Users\user\AppData\Local\Temp\btpkrtce.yz5\svchost.exe","1106","2025-06-30"
"Windows API","KERNEL32.dll!GetTimeZoneInformation","02ab315e4e3cf71c1632c91d4914c21b9f6e0b9aa0263f2400d6381aab759a61","Trojan:Win32/Alevaul!rfn","C:\Users\user\AppData\Local\Temp\btpkrtce.yz5\svchost.exe","1711","2025-06-30"
"Windows API","KERNEL32.dll!GetUserDefaultLCID","02ab315e4e3cf71c1632c91d4914c21b9f6e0b9aa0263f2400d6381aab759a61","Trojan:Win32/Alevaul!rfn","C:\Users\user\AppData\Local\Temp\btpkrtce.yz5\svchost.exe","1539","2025-06-30"
"Windows API","KERNEL32.dll!GetVersionExA","02ab315e4e3cf71c1632c91d4914c21b9f6e0b9aa0263f2400d6381aab759a61","Trojan:Win32/Alevaul!rfn","C:\Users\user\AppData\Local\Temp\btpkrtce.yz5\svchost.exe","559","2025-06-30"
"Windows API","KERNEL32.dll!GetWindowsDirectoryA","02ab315e4e3cf71c1632c91d4914c21b9f6e0b9aa0263f2400d6381aab759a61","Trojan:Win32/Alevaul!rfn","C:\Users\user\AppData\Local\Temp\btpkrtce.yz5\svchost.exe","367","2025-06-30"
"Windows API","KERNEL32.dll!HeapAlloc","02ab315e4e3cf71c1632c91d4914c21b9f6e0b9aa0263f2400d6381aab759a61","Trojan:Win32/Alevaul!rfn","C:\Users\user\AppData\Local\Temp\btpkrtce.yz5\svchost.exe","2345","2025-06-30"
"Windows API","KERNEL32.dll!HeapFree","02ab315e4e3cf71c1632c91d4914c21b9f6e0b9aa0263f2400d6381aab759a61","Trojan:Win32/Alevaul!rfn","C:\Users\user\AppData\Local\Temp\btpkrtce.yz5\svchost.exe","2299","2025-06-30"
"Windows API","KERNEL32.dll!HeapReAlloc","02ab315e4e3cf71c1632c91d4914c21b9f6e0b9aa0263f2400d6381aab759a61","Trojan:Win32/Alevaul!rfn","C:\Users\user\AppData\Local\Temp\btpkrtce.yz5\svchost.exe","2054","2025-06-30"
"Windows API","KERNEL32.dll!HeapSize","02ab315e4e3cf71c1632c91d4914c21b9f6e0b9aa0263f2400d6381aab759a61","Trojan:Win32/Alevaul!rfn","C:\Users\user\AppData\Local\Temp\btpkrtce.yz5\svchost.exe","1975","2025-06-30"
"Windows API","KERNEL32.dll!InitializeCriticalSection","efc0d2c1e05e106c5c36160e17619a494676deb136fb877c6d26f3adf75a5777","Trojan:Win64/Malgent!MSR","In Swor(x64).exe","2124","2025-03-08"
"Windows API","KERNEL32.dll!InitializeCriticalSection","02ab315e4e3cf71c1632c91d4914c21b9f6e0b9aa0263f2400d6381aab759a61","Trojan:Win32/Alevaul!rfn","C:\Users\user\AppData\Local\Temp\btpkrtce.yz5\svchost.exe","2124","2025-06-30"
"Windows API","KERNEL32.dll!InitializeCriticalSectionAndSpinCount","02ab315e4e3cf71c1632c91d4914c21b9f6e0b9aa0263f2400d6381aab759a61","Trojan:Win32/Alevaul!rfn","C:\Users\user\AppData\Local\Temp\btpkrtce.yz5\svchost.exe","2635","2025-06-30"
"Windows API","KERNEL32.dll!InitializeSListHead","02ab315e4e3cf71c1632c91d4914c21b9f6e0b9aa0263f2400d6381aab759a61","Trojan:Win32/Alevaul!rfn","C:\Users\user\AppData\Local\Temp\btpkrtce.yz5\svchost.exe","2803","2025-06-30"
"Windows API","KERNEL32.dll!InterlockedPushEntrySList","02ab315e4e3cf71c1632c91d4914c21b9f6e0b9aa0263f2400d6381aab759a61","Trojan:Win32/Alevaul!rfn","C:\Users\user\AppData\Local\Temp\btpkrtce.yz5\svchost.exe","593","2025-06-30"
"Windows API","KERNEL32.dll!IsBadReadPtr","02ab315e4e3cf71c1632c91d4914c21b9f6e0b9aa0263f2400d6381aab759a61","Trojan:Win32/Alevaul!rfn","C:\Users\user\AppData\Local\Temp\btpkrtce.yz5\svchost.exe","126","2025-06-30"
"Windows API","KERNEL32.dll!IsDBCSLeadByteEx","efc0d2c1e05e106c5c36160e17619a494676deb136fb877c6d26f3adf75a5777","Trojan:Win64/Malgent!MSR","In Swor(x64).exe","210","2025-03-08"
"Windows API","KERNEL32.dll!IsDebuggerPresent","02ab315e4e3cf71c1632c91d4914c21b9f6e0b9aa0263f2400d6381aab759a61","Trojan:Win32/Alevaul!rfn","C:\Users\user\AppData\Local\Temp\btpkrtce.yz5\svchost.exe","3454","2025-06-30"
"Windows API","KERNEL32.dll!IsDebuggerPresent","efc0d2c1e05e106c5c36160e17619a494676deb136fb877c6d26f3adf75a5777","Trojan:Win64/Malgent!MSR","In Swor(x64).exe","3454","2025-03-08"
"Windows API","KERNEL32.dll!IsProcessorFeaturePresent","02ab315e4e3cf71c1632c91d4914c21b9f6e0b9aa0263f2400d6381aab759a61","Trojan:Win32/Alevaul!rfn","C:\Users\user\AppData\Local\Temp\btpkrtce.yz5\svchost.exe","3139","2025-06-30"
"Windows API","KERNEL32.dll!IsValidCodePage","02ab315e4e3cf71c1632c91d4914c21b9f6e0b9aa0263f2400d6381aab759a61","Trojan:Win32/Alevaul!rfn","C:\Users\user\AppData\Local\Temp\btpkrtce.yz5\svchost.exe","2093","2025-06-30"
"Windows API","KERNEL32.dll!IsValidLocale","02ab315e4e3cf71c1632c91d4914c21b9f6e0b9aa0263f2400d6381aab759a61","Trojan:Win32/Alevaul!rfn","C:\Users\user\AppData\Local\Temp\btpkrtce.yz5\svchost.exe","1389","2025-06-30"
"Windows API","KERNEL32.dll!LCMapStringW","02ab315e4e3cf71c1632c91d4914c21b9f6e0b9aa0263f2400d6381aab759a61","Trojan:Win32/Alevaul!rfn","C:\Users\user\AppData\Local\Temp\btpkrtce.yz5\svchost.exe","2177","2025-06-30"
"Windows API","KERNEL32.dll!LeaveCriticalSection","efc0d2c1e05e106c5c36160e17619a494676deb136fb877c6d26f3adf75a5777","Trojan:Win64/Malgent!MSR","In Swor(x64).exe","3441","2025-03-08"
"Windows API","KERNEL32.dll!LeaveCriticalSection","02ab315e4e3cf71c1632c91d4914c21b9f6e0b9aa0263f2400d6381aab759a61","Trojan:Win32/Alevaul!rfn","C:\Users\user\AppData\Local\Temp\btpkrtce.yz5\svchost.exe","3441","2025-06-30"
"Windows API","KERNEL32.dll!LoadLibraryA","f4ea99dc41cb7922d01955eef9303ec3a24b88c3318138855346de1e830ed09e","Trojan:Win32/CryptInject","ver.exe","2114","2025-08-06"
"Windows API","KERNEL32.dll!LoadLibraryA","3588bda890ebf6138a82ae2e4f3cd7234ec071f343c9f5db5a96a54734eeaf9f","Trojan:Win32/Alevaul!rfn","PortBruteWin.exe","2114","2025-03-20"
"Windows API","KERNEL32.dll!LoadLibraryA","a284c8b14e4be0e2e561e5ff64e82dc7","Trojan:Win32/CryptInject","ver.exe","2114","2025-03-20"
"Windows API","KERNEL32.dll!LoadLibraryA","a41713b709cbc5828d66de5846eda9611dc29f25","Trojan:Win32/CryptInject","ver.exe","2114","2025-03-20"
"Windows API","KERNEL32.dll!LoadLibraryA","02ab315e4e3cf71c1632c91d4914c21b9f6e0b9aa0263f2400d6381aab759a61","Trojan:Win32/Alevaul!rfn","C:\Users\user\AppData\Local\Temp\btpkrtce.yz5\svchost.exe","2114","2025-06-30"
"Windows API","KERNEL32.dll!LoadLibraryExW","a774244ea5d759c4044aea75128a977e45fd6d1bb5942d9a8a1c5d7bff7e3db9","HackTool:Win64/FScan!MSR","DingTalk.exe","2982","2025-04-01"
"Windows API","KERNEL32.dll!LoadLibraryExW","02ab315e4e3cf71c1632c91d4914c21b9f6e0b9aa0263f2400d6381aab759a61","Trojan:Win32/Alevaul!rfn","C:\Users\user\AppData\Local\Temp\btpkrtce.yz5\svchost.exe","2982","2025-06-30"
"Windows API","KERNEL32.dll!LoadLibraryW","02ab315e4e3cf71c1632c91d4914c21b9f6e0b9aa0263f2400d6381aab759a61","Trojan:Win32/Alevaul!rfn","C:\Users\user\AppData\Local\Temp\btpkrtce.yz5\svchost.exe","2628","2025-06-30"
"Windows API","KERNEL32.dll!LoadLibraryW","efc0d2c1e05e106c5c36160e17619a494676deb136fb877c6d26f3adf75a5777","Trojan:Win64/Malgent!MSR","In Swor(x64).exe","2628","2025-03-08"
"Windows API","KERNEL32.dll!LoadLibraryW","3588bda890ebf6138a82ae2e4f3cd7234ec071f343c9f5db5a96a54734eeaf9f","Trojan:Win32/Alevaul!rfn","PortBruteWin.exe","2628","2025-03-20"
"Windows API","KERNEL32.dll!LoadLibraryW","a774244ea5d759c4044aea75128a977e45fd6d1bb5942d9a8a1c5d7bff7e3db9","HackTool:Win64/FScan!MSR","DingTalk.exe","2628","2025-04-01"
"Windows API","KERNEL32.dll!LocalFree","efc0d2c1e05e106c5c36160e17619a494676deb136fb877c6d26f3adf75a5777","Trojan:Win64/Malgent!MSR","In Swor(x64).exe","2394","2025-03-08"
"Windows API","KERNEL32.dll!LocalFree","02ab315e4e3cf71c1632c91d4914c21b9f6e0b9aa0263f2400d6381aab759a61","Trojan:Win32/Alevaul!rfn","C:\Users\user\AppData\Local\Temp\btpkrtce.yz5\svchost.exe","2394","2025-06-30"
"Windows API","KERNEL32.dll!MultiByteToWideChar","efc0d2c1e05e106c5c36160e17619a494676deb136fb877c6d26f3adf75a5777","Trojan:Win64/Malgent!MSR","In Swor(x64).exe","3395","2025-03-08"
"Windows API","KERNEL32.dll!MultiByteToWideChar","02ab315e4e3cf71c1632c91d4914c21b9f6e0b9aa0263f2400d6381aab759a61","Trojan:Win32/Alevaul!rfn","C:\Users\user\AppData\Local\Temp\btpkrtce.yz5\svchost.exe","3395","2025-06-30"
"Windows API","KERNEL32.dll!OpenProcess","02ab315e4e3cf71c1632c91d4914c21b9f6e0b9aa0263f2400d6381aab759a61","Trojan:Win32/Alevaul!rfn","C:\Users\user\AppData\Local\Temp\btpkrtce.yz5\svchost.exe","1431","2025-06-30"
"Windows API","KERNEL32.dll!OpenProcess","efc0d2c1e05e106c5c36160e17619a494676deb136fb877c6d26f3adf75a5777","Trojan:Win64/Malgent!MSR","In Swor(x64).exe","1431","2025-03-08"
"Windows API","KERNEL32.dll!OutputDebugStringA","efc0d2c1e05e106c5c36160e17619a494676deb136fb877c6d26f3adf75a5777","Trojan:Win64/Malgent!MSR","In Swor(x64).exe","1059","2025-03-08"
"Windows API","KERNEL32.dll!PostQueuedCompletionStatus","3588bda890ebf6138a82ae2e4f3cd7234ec071f343c9f5db5a96a54734eeaf9f","Trojan:Win32/Alevaul!rfn","PortBruteWin.exe","1457","2025-03-20"
"Windows API","KERNEL32.dll!PostQueuedCompletionStatus","02ab315e4e3cf71c1632c91d4914c21b9f6e0b9aa0263f2400d6381aab759a61","Trojan:Win32/Alevaul!rfn","C:\Users\user\AppData\Local\Temp\btpkrtce.yz5\svchost.exe","1457","2025-06-30"
"Windows API","KERNEL32.dll!PostQueuedCompletionStatus","a774244ea5d759c4044aea75128a977e45fd6d1bb5942d9a8a1c5d7bff7e3db9","HackTool:Win64/FScan!MSR","DingTalk.exe","1457","2025-04-01"
"Windows API","KERNEL32.dll!Process32FirstW","02ab315e4e3cf71c1632c91d4914c21b9f6e0b9aa0263f2400d6381aab759a61","Trojan:Win32/Alevaul!rfn","C:\Users\user\AppData\Local\Temp\btpkrtce.yz5\svchost.exe","394","2025-06-30"
"Windows API","KERNEL32.dll!Process32NextW","02ab315e4e3cf71c1632c91d4914c21b9f6e0b9aa0263f2400d6381aab759a61","Trojan:Win32/Alevaul!rfn","C:\Users\user\AppData\Local\Temp\btpkrtce.yz5\svchost.exe","395","2025-06-30"
"Windows API","KERNEL32.dll!QueryPerformanceCounter","02ab315e4e3cf71c1632c91d4914c21b9f6e0b9aa0263f2400d6381aab759a61","Trojan:Win32/Alevaul!rfn","C:\Users\user\AppData\Local\Temp\btpkrtce.yz5\svchost.exe","3731","2025-06-30"
"Windows API","KERNEL32.dll!QueryPerformanceFrequency","02ab315e4e3cf71c1632c91d4914c21b9f6e0b9aa0263f2400d6381aab759a61","Trojan:Win32/Alevaul!rfn","C:\Users\user\AppData\Local\Temp\btpkrtce.yz5\svchost.exe","1595","2025-06-30"
"Windows API","KERNEL32.dll!QueueUserAPC","02ab315e4e3cf71c1632c91d4914c21b9f6e0b9aa0263f2400d6381aab759a61","Trojan:Win32/Alevaul!rfn","C:\Users\user\AppData\Local\Temp\btpkrtce.yz5\svchost.exe","209","2025-06-30"
"Windows API","KERNEL32.dll!RaiseException","02ab315e4e3cf71c1632c91d4914c21b9f6e0b9aa0263f2400d6381aab759a61","Trojan:Win32/Alevaul!rfn","C:\Users\user\AppData\Local\Temp\btpkrtce.yz5\svchost.exe","2560","2025-06-30"
"Windows API","KERNEL32.dll!RaiseException","efc0d2c1e05e106c5c36160e17619a494676deb136fb877c6d26f3adf75a5777","Trojan:Win64/Malgent!MSR","In Swor(x64).exe","2560","2025-03-08"
"Windows API","kernel32.dll!RaiseFailFastException","a774244ea5d759c4044aea75128a977e45fd6d1bb5942d9a8a1c5d7bff7e3db9","HackTool:Win64/FScan!MSR","DingTalk.exe","438","2025-04-01"
"Windows API","KERNEL32.dll!ReadConsoleW","02ab315e4e3cf71c1632c91d4914c21b9f6e0b9aa0263f2400d6381aab759a61","Trojan:Win32/Alevaul!rfn","C:\Users\user\AppData\Local\Temp\btpkrtce.yz5\svchost.exe","1414","2025-06-30"
"Windows API","KERNEL32.dll!ReadFile","02ab315e4e3cf71c1632c91d4914c21b9f6e0b9aa0263f2400d6381aab759a61","Trojan:Win32/Alevaul!rfn","C:\Users\user\AppData\Local\Temp\btpkrtce.yz5\svchost.exe","2609","2025-06-30"
"Windows API","KERNEL32.dll!ReleaseSemaphore","efc0d2c1e05e106c5c36160e17619a494676deb136fb877c6d26f3adf75a5777","Trojan:Win64/Malgent!MSR","In Swor(x64).exe","1002","2025-03-08"
"Windows API","KERNEL32.dll!RemoveVectoredExceptionHandler","efc0d2c1e05e106c5c36160e17619a494676deb136fb877c6d26f3adf75a5777","Trojan:Win64/Malgent!MSR","In Swor(x64).exe","351","2025-03-08"
"Windows API","KERNEL32.dll!ResetEvent","efc0d2c1e05e106c5c36160e17619a494676deb136fb877c6d26f3adf75a5777","Trojan:Win64/Malgent!MSR","In Swor(x64).exe","1614","2025-03-08"
"Windows API","KERNEL32.dll!ResetEvent","02ab315e4e3cf71c1632c91d4914c21b9f6e0b9aa0263f2400d6381aab759a61","Trojan:Win32/Alevaul!rfn","C:\Users\user\AppData\Local\Temp\btpkrtce.yz5\svchost.exe","1614","2025-06-30"
"Windows API","KERNEL32.dll!ResumeThread","efc0d2c1e05e106c5c36160e17619a494676deb136fb877c6d26f3adf75a5777","Trojan:Win64/Malgent!MSR","In Swor(x64).exe","1824","2025-03-08"
"Windows API","KERNEL32.dll!ResumeThread","3588bda890ebf6138a82ae2e4f3cd7234ec071f343c9f5db5a96a54734eeaf9f","Trojan:Win32/Alevaul!rfn","PortBruteWin.exe","1824","2025-03-20"
"Windows API","KERNEL32.dll!ResumeThread","a774244ea5d759c4044aea75128a977e45fd6d1bb5942d9a8a1c5d7bff7e3db9","HackTool:Win64/FScan!MSR","DingTalk.exe","1824","2025-04-01"
"Windows API","KERNEL32.dll!ResumeThread","02ab315e4e3cf71c1632c91d4914c21b9f6e0b9aa0263f2400d6381aab759a61","Trojan:Win32/Alevaul!rfn","C:\Users\user\AppData\Local\Temp\btpkrtce.yz5\svchost.exe","1824","2025-06-30"
"Windows API","KERNEL32.dll!RtlCaptureContext","02ab315e4e3cf71c1632c91d4914c21b9f6e0b9aa0263f2400d6381aab759a61","Trojan:Win32/Alevaul!rfn","C:\Users\user\AppData\Local\Temp\btpkrtce.yz5\svchost.exe","2704","2025-06-30"
"Windows API","KERNEL32.dll!RtlCaptureContext","efc0d2c1e05e106c5c36160e17619a494676deb136fb877c6d26f3adf75a5777","Trojan:Win64/Malgent!MSR","In Swor(x64).exe","2704","2025-03-08"
"Windows API","KERNEL32.dll!RtlLookupFunctionEntry","02ab315e4e3cf71c1632c91d4914c21b9f6e0b9aa0263f2400d6381aab759a61","Trojan:Win32/Alevaul!rfn","C:\Users\user\AppData\Local\Temp\btpkrtce.yz5\svchost.exe","3019","2025-06-30"
"Windows API","KERNEL32.dll!RtlLookupFunctionEntry","efc0d2c1e05e106c5c36160e17619a494676deb136fb877c6d26f3adf75a5777","Trojan:Win64/Malgent!MSR","In Swor(x64).exe","3019","2025-03-08"
"Windows API","KERNEL32.dll!RtlPcToFileHeader","02ab315e4e3cf71c1632c91d4914c21b9f6e0b9aa0263f2400d6381aab759a61","Trojan:Win32/Alevaul!rfn","C:\Users\user\AppData\Local\Temp\btpkrtce.yz5\svchost.exe","1576","2025-06-30"
"Windows API","KERNEL32.dll!RtlUnwindEx","efc0d2c1e05e106c5c36160e17619a494676deb136fb877c6d26f3adf75a5777","Trojan:Win64/Malgent!MSR","In Swor(x64).exe","1818","2025-03-08"
"Windows API","KERNEL32.dll!RtlUnwindEx","02ab315e4e3cf71c1632c91d4914c21b9f6e0b9aa0263f2400d6381aab759a61","Trojan:Win32/Alevaul!rfn","C:\Users\user\AppData\Local\Temp\btpkrtce.yz5\svchost.exe","1818","2025-06-30"
"Windows API","KERNEL32.dll!RtlVirtualUnwind","02ab315e4e3cf71c1632c91d4914c21b9f6e0b9aa0263f2400d6381aab759a61","Trojan:Win32/Alevaul!rfn","C:\Users\user\AppData\Local\Temp\btpkrtce.yz5\svchost.exe","3037","2025-06-30"
"Windows API","KERNEL32.dll!RtlVirtualUnwind","efc0d2c1e05e106c5c36160e17619a494676deb136fb877c6d26f3adf75a5777","Trojan:Win64/Malgent!MSR","In Swor(x64).exe","3037","2025-03-08"
"Windows API","KERNEL32.dll!SetConsoleCtrlHandler","3588bda890ebf6138a82ae2e4f3cd7234ec071f343c9f5db5a96a54734eeaf9f","Trojan:Win32/Alevaul!rfn","PortBruteWin.exe","1904","2025-03-20"
"Windows API","KERNEL32.dll!SetConsoleCtrlHandler","02ab315e4e3cf71c1632c91d4914c21b9f6e0b9aa0263f2400d6381aab759a61","Trojan:Win32/Alevaul!rfn","C:\Users\user\AppData\Local\Temp\btpkrtce.yz5\svchost.exe","1904","2025-06-30"
"Windows API","KERNEL32.dll!SetConsoleCtrlHandler","a774244ea5d759c4044aea75128a977e45fd6d1bb5942d9a8a1c5d7bff7e3db9","HackTool:Win64/FScan!MSR","DingTalk.exe","1904","2025-04-01"
"Windows API","KERNEL32.dll!SetEndOfFile","02ab315e4e3cf71c1632c91d4914c21b9f6e0b9aa0263f2400d6381aab759a61","Trojan:Win32/Alevaul!rfn","C:\Users\user\AppData\Local\Temp\btpkrtce.yz5\svchost.exe","1925","2025-06-30"
"Windows API","KERNEL32.dll!SetEnvironmentVariableW","02ab315e4e3cf71c1632c91d4914c21b9f6e0b9aa0263f2400d6381aab759a61","Trojan:Win32/Alevaul!rfn","C:\Users\user\AppData\Local\Temp\btpkrtce.yz5\svchost.exe","1915","2025-06-30"
"Windows API","kernel32.dll!SetErrorMode","a774244ea5d759c4044aea75128a977e45fd6d1bb5942d9a8a1c5d7bff7e3db9","HackTool:Win64/FScan!MSR","DingTalk.exe","1443","2025-04-01"
"Windows API","kernel32.dll!SetErrorMode","3588bda890ebf6138a82ae2e4f3cd7234ec071f343c9f5db5a96a54734eeaf9f","Trojan:Win32/Alevaul!rfn","PortBruteWin.exe","1443","2025-03-20"
"Windows API","KERNEL32.dll!SetEvent","efc0d2c1e05e106c5c36160e17619a494676deb136fb877c6d26f3adf75a5777","Trojan:Win64/Malgent!MSR","In Swor(x64).exe","2507","2025-03-08"
"Windows API","KERNEL32.dll!SetEvent","3588bda890ebf6138a82ae2e4f3cd7234ec071f343c9f5db5a96a54734eeaf9f","Trojan:Win32/Alevaul!rfn","PortBruteWin.exe","2507","2025-03-20"
"Windows API","KERNEL32.dll!SetEvent","02ab315e4e3cf71c1632c91d4914c21b9f6e0b9aa0263f2400d6381aab759a61","Trojan:Win32/Alevaul!rfn","C:\Users\user\AppData\Local\Temp\btpkrtce.yz5\svchost.exe","2507","2025-06-30"
"Windows API","KERNEL32.dll!SetEvent","a774244ea5d759c4044aea75128a977e45fd6d1bb5942d9a8a1c5d7bff7e3db9","HackTool:Win64/FScan!MSR","DingTalk.exe","2507","2025-04-01"
"Windows API","KERNEL32.dll!SetFilePointerEx","02ab315e4e3cf71c1632c91d4914c21b9f6e0b9aa0263f2400d6381aab759a61","Trojan:Win32/Alevaul!rfn","C:\Users\user\AppData\Local\Temp\btpkrtce.yz5\svchost.exe","1773","2025-06-30"
"Windows API","KERNEL32.dll!SetLastError","efc0d2c1e05e106c5c36160e17619a494676deb136fb877c6d26f3adf75a5777","Trojan:Win64/Malgent!MSR","In Swor(x64).exe","3074","2025-03-08"
"Windows API","KERNEL32.dll!SetLastError","02ab315e4e3cf71c1632c91d4914c21b9f6e0b9aa0263f2400d6381aab759a61","Trojan:Win32/Alevaul!rfn","C:\Users\user\AppData\Local\Temp\btpkrtce.yz5\svchost.exe","3074","2025-06-30"
"Windows API","KERNEL32.dll!SetProcessAffinityMask","efc0d2c1e05e106c5c36160e17619a494676deb136fb877c6d26f3adf75a5777","Trojan:Win64/Malgent!MSR","In Swor(x64).exe","96","2025-03-08"
"Windows API","kernel32.dll!SetProcessPriorityBoost","3588bda890ebf6138a82ae2e4f3cd7234ec071f343c9f5db5a96a54734eeaf9f","Trojan:Win32/Alevaul!rfn","PortBruteWin.exe","612","2025-03-20"
"Windows API","kernel32.dll!SetProcessPriorityBoost","a774244ea5d759c4044aea75128a977e45fd6d1bb5942d9a8a1c5d7bff7e3db9","HackTool:Win64/FScan!MSR","DingTalk.exe","612","2025-04-01"
"Windows API","KERNEL32.dll!SetStdHandle","02ab315e4e3cf71c1632c91d4914c21b9f6e0b9aa0263f2400d6381aab759a61","Trojan:Win32/Alevaul!rfn","C:\Users\user\AppData\Local\Temp\btpkrtce.yz5\svchost.exe","2107","2025-06-30"
"Windows API","kernel32.dll!SetThreadContext","efc0d2c1e05e106c5c36160e17619a494676deb136fb877c6d26f3adf75a5777","Trojan:Win64/Malgent!MSR","In Swor(x64).exe","641","2025-03-08"
"Windows API","kernel32.dll!SetThreadContext","3588bda890ebf6138a82ae2e4f3cd7234ec071f343c9f5db5a96a54734eeaf9f","Trojan:Win32/Alevaul!rfn","PortBruteWin.exe","641","2025-03-20"
"Windows API","kernel32.dll!SetThreadContext","a774244ea5d759c4044aea75128a977e45fd6d1bb5942d9a8a1c5d7bff7e3db9","HackTool:Win64/FScan!MSR","DingTalk.exe","641","2025-04-01"
"Windows API","KERNEL32.dll!SetThreadPriority","efc0d2c1e05e106c5c36160e17619a494676deb136fb877c6d26f3adf75a5777","Trojan:Win64/Malgent!MSR","In Swor(x64).exe","1192","2025-03-08"
"Windows API","KERNEL32.dll!SetUnhandledExceptionFilter","a774244ea5d759c4044aea75128a977e45fd6d1bb5942d9a8a1c5d7bff7e3db9","HackTool:Win64/FScan!MSR","DingTalk.exe","4026","2025-04-01"
"Windows API","KERNEL32.dll!SetUnhandledExceptionFilter","efc0d2c1e05e106c5c36160e17619a494676deb136fb877c6d26f3adf75a5777","Trojan:Win64/Malgent!MSR","In Swor(x64).exe","4026","2025-03-08"
"Windows API","KERNEL32.dll!SetUnhandledExceptionFilter","02ab315e4e3cf71c1632c91d4914c21b9f6e0b9aa0263f2400d6381aab759a61","Trojan:Win32/Alevaul!rfn","C:\Users\user\AppData\Local\Temp\btpkrtce.yz5\svchost.exe","4026","2025-06-30"
"Windows API","KERNEL32.dll!SetUnhandledExceptionFilter","3588bda890ebf6138a82ae2e4f3cd7234ec071f343c9f5db5a96a54734eeaf9f","Trojan:Win32/Alevaul!rfn","PortBruteWin.exe","4026","2025-03-20"
"Windows API","KERNEL32.dll!SetWaitableTimer","a774244ea5d759c4044aea75128a977e45fd6d1bb5942d9a8a1c5d7bff7e3db9","HackTool:Win64/FScan!MSR","DingTalk.exe","868","2025-04-01"
"Windows API","KERNEL32.dll!SetWaitableTimer","02ab315e4e3cf71c1632c91d4914c21b9f6e0b9aa0263f2400d6381aab759a61","Trojan:Win32/Alevaul!rfn","C:\Users\user\AppData\Local\Temp\btpkrtce.yz5\svchost.exe","868","2025-06-30"
"Windows API","KERNEL32.dll!SetWaitableTimer","3588bda890ebf6138a82ae2e4f3cd7234ec071f343c9f5db5a96a54734eeaf9f","Trojan:Win32/Alevaul!rfn","PortBruteWin.exe","868","2025-03-20"
"Windows API","KERNEL32.dll!Sleep","efc0d2c1e05e106c5c36160e17619a494676deb136fb877c6d26f3adf75a5777","Trojan:Win64/Malgent!MSR","In Swor(x64).exe","2895","2025-03-08"
"Windows API","KERNEL32.dll!Sleep","02ab315e4e3cf71c1632c91d4914c21b9f6e0b9aa0263f2400d6381aab759a61","Trojan:Win32/Alevaul!rfn","C:\Users\user\AppData\Local\Temp\btpkrtce.yz5\svchost.exe","2895","2025-06-30"
"Windows API","KERNEL32.dll!SleepEx","02ab315e4e3cf71c1632c91d4914c21b9f6e0b9aa0263f2400d6381aab759a61","Trojan:Win32/Alevaul!rfn","C:\Users\user\AppData\Local\Temp\btpkrtce.yz5\svchost.exe","831","2025-06-30"
"Windows API","kernel32.dll!SuspendThread","efc0d2c1e05e106c5c36160e17619a494676deb136fb877c6d26f3adf75a5777","Trojan:Win64/Malgent!MSR","In Swor(x64).exe","1290","2025-03-08"
"Windows API","kernel32.dll!SuspendThread","3588bda890ebf6138a82ae2e4f3cd7234ec071f343c9f5db5a96a54734eeaf9f","Trojan:Win32/Alevaul!rfn","PortBruteWin.exe","1290","2025-03-20"
"Windows API","kernel32.dll!SuspendThread","a774244ea5d759c4044aea75128a977e45fd6d1bb5942d9a8a1c5d7bff7e3db9","HackTool:Win64/FScan!MSR","DingTalk.exe","1290","2025-04-01"
"Windows API","kernel32.dll!SwitchToThread","3588bda890ebf6138a82ae2e4f3cd7234ec071f343c9f5db5a96a54734eeaf9f","Trojan:Win32/Alevaul!rfn","PortBruteWin.exe","1784","2025-03-20"
"Windows API","kernel32.dll!SwitchToThread","a774244ea5d759c4044aea75128a977e45fd6d1bb5942d9a8a1c5d7bff7e3db9","HackTool:Win64/FScan!MSR","DingTalk.exe","1784","2025-04-01"
"Windows API","KERNEL32.dll!TerminateProcess","02ab315e4e3cf71c1632c91d4914c21b9f6e0b9aa0263f2400d6381aab759a61","Trojan:Win32/Alevaul!rfn","C:\Users\user\AppData\Local\Temp\btpkrtce.yz5\svchost.exe","3551","2025-06-30"
"Windows API","KERNEL32.dll!TerminateThread","02ab315e4e3cf71c1632c91d4914c21b9f6e0b9aa0263f2400d6381aab759a61","Trojan:Win32/Alevaul!rfn","C:\Users\user\AppData\Local\Temp\btpkrtce.yz5\svchost.exe","385","2025-06-30"
"Windows API","KERNEL32.dll!TlsAlloc","02ab315e4e3cf71c1632c91d4914c21b9f6e0b9aa0263f2400d6381aab759a61","Trojan:Win32/Alevaul!rfn","C:\Users\user\AppData\Local\Temp\btpkrtce.yz5\svchost.exe","2952","2025-06-30"
"Windows API","KERNEL32.dll!TlsAlloc","efc0d2c1e05e106c5c36160e17619a494676deb136fb877c6d26f3adf75a5777","Trojan:Win64/Malgent!MSR","In Swor(x64).exe","2952","2025-03-08"
"Windows API","KERNEL32.dll!TlsAlloc","a774244ea5d759c4044aea75128a977e45fd6d1bb5942d9a8a1c5d7bff7e3db9","HackTool:Win64/FScan!MSR","DingTalk.exe","2952","2025-04-01"
"Windows API","KERNEL32.dll!TlsFree","02ab315e4e3cf71c1632c91d4914c21b9f6e0b9aa0263f2400d6381aab759a61","Trojan:Win32/Alevaul!rfn","C:\Users\user\AppData\Local\Temp\btpkrtce.yz5\svchost.exe","2431","2025-06-30"
"Windows API","KERNEL32.dll!TlsGetValue","02ab315e4e3cf71c1632c91d4914c21b9f6e0b9aa0263f2400d6381aab759a61","Trojan:Win32/Alevaul!rfn","C:\Users\user\AppData\Local\Temp\btpkrtce.yz5\svchost.exe","2824","2025-06-30"
"Windows API","KERNEL32.dll!TlsGetValue","efc0d2c1e05e106c5c36160e17619a494676deb136fb877c6d26f3adf75a5777","Trojan:Win64/Malgent!MSR","In Swor(x64).exe","2824","2025-03-08"
"Windows API","KERNEL32.dll!TlsSetValue","02ab315e4e3cf71c1632c91d4914c21b9f6e0b9aa0263f2400d6381aab759a61","Trojan:Win32/Alevaul!rfn","C:\Users\user\AppData\Local\Temp\btpkrtce.yz5\svchost.exe","2549","2025-06-30"
"Windows API","KERNEL32.dll!TlsSetValue","efc0d2c1e05e106c5c36160e17619a494676deb136fb877c6d26f3adf75a5777","Trojan:Win64/Malgent!MSR","In Swor(x64).exe","2549","2025-03-08"
"Windows API","KERNEL32.dll!TryEnterCriticalSection","efc0d2c1e05e106c5c36160e17619a494676deb136fb877c6d26f3adf75a5777","Trojan:Win64/Malgent!MSR","In Swor(x64).exe","552","2025-03-08"
"Windows API","KERNEL32.dll!UnhandledExceptionFilter","02ab315e4e3cf71c1632c91d4914c21b9f6e0b9aa0263f2400d6381aab759a61","Trojan:Win32/Alevaul!rfn","C:\Users\user\AppData\Local\Temp\btpkrtce.yz5\svchost.exe","3551","2025-06-30"
"Windows API","KERNEL32.dll!VerifyVersionInfoW","02ab315e4e3cf71c1632c91d4914c21b9f6e0b9aa0263f2400d6381aab759a61","Trojan:Win32/Alevaul!rfn","C:\Users\user\AppData\Local\Temp\btpkrtce.yz5\svchost.exe","855","2025-06-30"
"Windows API","KERNEL32.dll!VerSetConditionMask","02ab315e4e3cf71c1632c91d4914c21b9f6e0b9aa0263f2400d6381aab759a61","Trojan:Win32/Alevaul!rfn","C:\Users\user\AppData\Local\Temp\btpkrtce.yz5\svchost.exe","875","2025-06-30"
"Windows API","KERNEL32.dll!VirtualAlloc","3588bda890ebf6138a82ae2e4f3cd7234ec071f343c9f5db5a96a54734eeaf9f","Trojan:Win32/Alevaul!rfn","PortBruteWin.exe","2007","2025-03-20"
"Windows API","KERNEL32.dll!VirtualAlloc","a774244ea5d759c4044aea75128a977e45fd6d1bb5942d9a8a1c5d7bff7e3db9","HackTool:Win64/FScan!MSR","DingTalk.exe","2007","2025-04-01"
"Windows API","KERNEL32.dll!VirtualAlloc","efc0d2c1e05e106c5c36160e17619a494676deb136fb877c6d26f3adf75a5777","Trojan:Win64/Malgent!MSR","In Swor(x64).exe","2007","2025-03-08"
"Windows API","KERNEL32.dll!VirtualAlloc","02ab315e4e3cf71c1632c91d4914c21b9f6e0b9aa0263f2400d6381aab759a61","Trojan:Win32/Alevaul!rfn","C:\Users\user\AppData\Local\Temp\btpkrtce.yz5\svchost.exe","2007","2025-06-30"
"Windows API","KERNEL32.dll!VirtualFree","a774244ea5d759c4044aea75128a977e45fd6d1bb5942d9a8a1c5d7bff7e3db9","HackTool:Win64/FScan!MSR","DingTalk.exe","1962","2025-04-01"
"Windows API","KERNEL32.dll!VirtualFree","02ab315e4e3cf71c1632c91d4914c21b9f6e0b9aa0263f2400d6381aab759a61","Trojan:Win32/Alevaul!rfn","C:\Users\user\AppData\Local\Temp\btpkrtce.yz5\svchost.exe","1962","2025-06-30"
"Windows API","KERNEL32.dll!VirtualFree","3588bda890ebf6138a82ae2e4f3cd7234ec071f343c9f5db5a96a54734eeaf9f","Trojan:Win32/Alevaul!rfn","PortBruteWin.exe","1962","2025-03-20"
"Windows API","KERNEL32.dll!VirtualProtect","f4ea99dc41cb7922d01955eef9303ec3a24b88c3318138855346de1e830ed09e","Trojan:Win32/CryptInject","ver.exe","1640","2025-08-06"
"Windows API","KERNEL32.dll!VirtualProtect","a284c8b14e4be0e2e561e5ff64e82dc7","Trojan:Win32/CryptInject","ver.exe","1640","2025-03-20"
"Windows API","KERNEL32.dll!VirtualProtect","02ab315e4e3cf71c1632c91d4914c21b9f6e0b9aa0263f2400d6381aab759a61","Trojan:Win32/Alevaul!rfn","C:\Users\user\AppData\Local\Temp\btpkrtce.yz5\svchost.exe","1640","2025-06-30"
"Windows API","KERNEL32.dll!VirtualProtect","efc0d2c1e05e106c5c36160e17619a494676deb136fb877c6d26f3adf75a5777","Trojan:Win64/Malgent!MSR","In Swor(x64).exe","1640","2025-03-08"
"Windows API","KERNEL32.dll!VirtualProtect","a41713b709cbc5828d66de5846eda9611dc29f25","Trojan:Win32/CryptInject","ver.exe","1640","2025-03-20"
"Windows API","kernel32.dll!VirtualQuery","3588bda890ebf6138a82ae2e4f3cd7234ec071f343c9f5db5a96a54734eeaf9f","Trojan:Win32/Alevaul!rfn","PortBruteWin.exe","2105","2025-03-20"
"Windows API","kernel32.dll!VirtualQuery","a774244ea5d759c4044aea75128a977e45fd6d1bb5942d9a8a1c5d7bff7e3db9","HackTool:Win64/FScan!MSR","DingTalk.exe","2105","2025-04-01"
"Windows API","kernel32.dll!VirtualQuery","efc0d2c1e05e106c5c36160e17619a494676deb136fb877c6d26f3adf75a5777","Trojan:Win64/Malgent!MSR","In Swor(x64).exe","2105","2025-03-08"
"Windows API","KERNEL32.dll!WaitForMultipleObjects","3588bda890ebf6138a82ae2e4f3cd7234ec071f343c9f5db5a96a54734eeaf9f","Trojan:Win32/Alevaul!rfn","PortBruteWin.exe","1932","2025-03-20"
"Windows API","KERNEL32.dll!WaitForMultipleObjects","a774244ea5d759c4044aea75128a977e45fd6d1bb5942d9a8a1c5d7bff7e3db9","HackTool:Win64/FScan!MSR","DingTalk.exe","1932","2025-04-01"
"Windows API","KERNEL32.dll!WaitForMultipleObjects","efc0d2c1e05e106c5c36160e17619a494676deb136fb877c6d26f3adf75a5777","Trojan:Win64/Malgent!MSR","In Swor(x64).exe","1932","2025-03-08"
"Windows API","KERNEL32.dll!WaitForMultipleObjects","02ab315e4e3cf71c1632c91d4914c21b9f6e0b9aa0263f2400d6381aab759a61","Trojan:Win32/Alevaul!rfn","C:\Users\user\AppData\Local\Temp\btpkrtce.yz5\svchost.exe","1932","2025-06-30"
"Windows API","KERNEL32.dll!WaitForSingleObject","efc0d2c1e05e106c5c36160e17619a494676deb136fb877c6d26f3adf75a5777","Trojan:Win64/Malgent!MSR","In Swor(x64).exe","3176","2025-03-08"
"Windows API","KERNEL32.dll!WaitForSingleObject","3588bda890ebf6138a82ae2e4f3cd7234ec071f343c9f5db5a96a54734eeaf9f","Trojan:Win32/Alevaul!rfn","PortBruteWin.exe","3176","2025-03-20"
"Windows API","KERNEL32.dll!WaitForSingleObject","02ab315e4e3cf71c1632c91d4914c21b9f6e0b9aa0263f2400d6381aab759a61","Trojan:Win32/Alevaul!rfn","C:\Users\user\AppData\Local\Temp\btpkrtce.yz5\svchost.exe","3176","2025-06-30"
"Windows API","KERNEL32.dll!WaitForSingleObject","a774244ea5d759c4044aea75128a977e45fd6d1bb5942d9a8a1c5d7bff7e3db9","HackTool:Win64/FScan!MSR","DingTalk.exe","3176","2025-04-01"
"Windows API","KERNEL32.dll!WaitForSingleObjectEx","02ab315e4e3cf71c1632c91d4914c21b9f6e0b9aa0263f2400d6381aab759a61","Trojan:Win32/Alevaul!rfn","C:\Users\user\AppData\Local\Temp\btpkrtce.yz5\svchost.exe","1197","2025-06-30"
"Windows API","kernel32.dll!WerGetFlags","a774244ea5d759c4044aea75128a977e45fd6d1bb5942d9a8a1c5d7bff7e3db9","HackTool:Win64/FScan!MSR","DingTalk.exe","417","2025-04-01"
"Windows API","kernel32.dll!WerSetFlags","a774244ea5d759c4044aea75128a977e45fd6d1bb5942d9a8a1c5d7bff7e3db9","HackTool:Win64/FScan!MSR","DingTalk.exe","436","2025-04-01"
"Windows API","KERNEL32.dll!WideCharToMultiByte","efc0d2c1e05e106c5c36160e17619a494676deb136fb877c6d26f3adf75a5777","Trojan:Win64/Malgent!MSR","In Swor(x64).exe","3330","2025-03-08"
"Windows API","KERNEL32.dll!WideCharToMultiByte","02ab315e4e3cf71c1632c91d4914c21b9f6e0b9aa0263f2400d6381aab759a61","Trojan:Win32/Alevaul!rfn","C:\Users\user\AppData\Local\Temp\btpkrtce.yz5\svchost.exe","3330","2025-06-30"
"Windows API","KERNEL32.dll!WriteConsoleW","a774244ea5d759c4044aea75128a977e45fd6d1bb5942d9a8a1c5d7bff7e3db9","HackTool:Win64/FScan!MSR","DingTalk.exe","2782","2025-04-01"
"Windows API","KERNEL32.dll!WriteConsoleW","3588bda890ebf6138a82ae2e4f3cd7234ec071f343c9f5db5a96a54734eeaf9f","Trojan:Win32/Alevaul!rfn","PortBruteWin.exe","2782","2025-03-20"
"Windows API","KERNEL32.dll!WriteConsoleW","02ab315e4e3cf71c1632c91d4914c21b9f6e0b9aa0263f2400d6381aab759a61","Trojan:Win32/Alevaul!rfn","C:\Users\user\AppData\Local\Temp\btpkrtce.yz5\svchost.exe","2782","2025-06-30"
"Windows API","KERNEL32.dll!WriteFile","a774244ea5d759c4044aea75128a977e45fd6d1bb5942d9a8a1c5d7bff7e3db9","HackTool:Win64/FScan!MSR","DingTalk.exe","3405","2025-04-01"
"Windows API","KERNEL32.dll!WriteFile","02ab315e4e3cf71c1632c91d4914c21b9f6e0b9aa0263f2400d6381aab759a61","Trojan:Win32/Alevaul!rfn","C:\Users\user\AppData\Local\Temp\btpkrtce.yz5\svchost.exe","3405","2025-06-30"
"Windows API","KERNEL32.dll!WriteFile","3588bda890ebf6138a82ae2e4f3cd7234ec071f343c9f5db5a96a54734eeaf9f","Trojan:Win32/Alevaul!rfn","PortBruteWin.exe","3405","2025-03-20"
"Windows API","mscoree.dll!_CorExeMain","09cea8aed5c58c446e6ef4d9bb83f7b5d7ba7b7c89d4164f397d378832722b69","Trojan:Win32/Alevaul!rfn","SharpRDP.exe","1410","2025-03-20"
"Windows API","msvcrt.dll!___lc_codepage_func","efc0d2c1e05e106c5c36160e17619a494676deb136fb877c6d26f3adf75a5777","Trojan:Win64/Malgent!MSR","In Swor(x64).exe","108","2025-03-08"
"Windows API","msvcrt.dll!___mb_cur_max_func","efc0d2c1e05e106c5c36160e17619a494676deb136fb877c6d26f3adf75a5777","Trojan:Win64/Malgent!MSR","In Swor(x64).exe","143","2025-03-08"
"Windows API","msvcrt.dll!__C_specific_handler","efc0d2c1e05e106c5c36160e17619a494676deb136fb877c6d26f3adf75a5777","Trojan:Win64/Malgent!MSR","In Swor(x64).exe","293","2025-03-08"
"Windows API","msvcrt.dll!__getmainargs","efc0d2c1e05e106c5c36160e17619a494676deb136fb877c6d26f3adf75a5777","Trojan:Win64/Malgent!MSR","In Swor(x64).exe","357","2025-03-08"
"Windows API","msvcrt.dll!__initenv","efc0d2c1e05e106c5c36160e17619a494676deb136fb877c6d26f3adf75a5777","Trojan:Win64/Malgent!MSR","In Swor(x64).exe","241","2025-03-08"
"Windows API","msvcrt.dll!__iob_func","efc0d2c1e05e106c5c36160e17619a494676deb136fb877c6d26f3adf75a5777","Trojan:Win64/Malgent!MSR","In Swor(x64).exe","259","2025-03-08"
"Windows API","msvcrt.dll!__set_app_type","efc0d2c1e05e106c5c36160e17619a494676deb136fb877c6d26f3adf75a5777","Trojan:Win64/Malgent!MSR","In Swor(x64).exe","532","2025-03-08"
"Windows API","msvcrt.dll!__setusermatherr","efc0d2c1e05e106c5c36160e17619a494676deb136fb877c6d26f3adf75a5777","Trojan:Win64/Malgent!MSR","In Swor(x64).exe","508","2025-03-08"
"Windows API","msvcrt.dll!_amsg_exit","efc0d2c1e05e106c5c36160e17619a494676deb136fb877c6d26f3adf75a5777","Trojan:Win64/Malgent!MSR","In Swor(x64).exe","401","2025-03-08"
"Windows API","msvcrt.dll!_beginthreadex","efc0d2c1e05e106c5c36160e17619a494676deb136fb877c6d26f3adf75a5777","Trojan:Win64/Malgent!MSR","In Swor(x64).exe","168","2025-03-08"
"Windows API","msvcrt.dll!_cexit","efc0d2c1e05e106c5c36160e17619a494676deb136fb877c6d26f3adf75a5777","Trojan:Win64/Malgent!MSR","In Swor(x64).exe","475","2025-03-08"
"Windows API","msvcrt.dll!_close","efc0d2c1e05e106c5c36160e17619a494676deb136fb877c6d26f3adf75a5777","Trojan:Win64/Malgent!MSR","In Swor(x64).exe","184","2025-03-08"
"Windows API","msvcrt.dll!_commode","efc0d2c1e05e106c5c36160e17619a494676deb136fb877c6d26f3adf75a5777","Trojan:Win64/Malgent!MSR","In Swor(x64).exe","273","2025-03-08"
"Windows API","msvcrt.dll!_endthreadex","efc0d2c1e05e106c5c36160e17619a494676deb136fb877c6d26f3adf75a5777","Trojan:Win64/Malgent!MSR","In Swor(x64).exe","62","2025-03-08"
"Windows API","msvcrt.dll!_errno","efc0d2c1e05e106c5c36160e17619a494676deb136fb877c6d26f3adf75a5777","Trojan:Win64/Malgent!MSR","In Swor(x64).exe","303","2025-03-08"
"Windows API","msvcrt.dll!_fdopen","efc0d2c1e05e106c5c36160e17619a494676deb136fb877c6d26f3adf75a5777","Trojan:Win64/Malgent!MSR","In Swor(x64).exe","134","2025-03-08"
"Windows API","msvcrt.dll!_filelengthi64","efc0d2c1e05e106c5c36160e17619a494676deb136fb877c6d26f3adf75a5777","Trojan:Win64/Malgent!MSR","In Swor(x64).exe","22","2025-03-08"
"Windows API","msvcrt.dll!_fileno","efc0d2c1e05e106c5c36160e17619a494676deb136fb877c6d26f3adf75a5777","Trojan:Win64/Malgent!MSR","In Swor(x64).exe","157","2025-03-08"
"Windows API","msvcrt.dll!_fmode","efc0d2c1e05e106c5c36160e17619a494676deb136fb877c6d26f3adf75a5777","Trojan:Win64/Malgent!MSR","In Swor(x64).exe","379","2025-03-08"
"Windows API","msvcrt.dll!_fstat64","efc0d2c1e05e106c5c36160e17619a494676deb136fb877c6d26f3adf75a5777","Trojan:Win64/Malgent!MSR","In Swor(x64).exe","51","2025-03-08"
"Windows API","msvcrt.dll!_initterm","efc0d2c1e05e106c5c36160e17619a494676deb136fb877c6d26f3adf75a5777","Trojan:Win64/Malgent!MSR","In Swor(x64).exe","508","2025-03-08"
"Windows API","msvcrt.dll!_lseeki64","efc0d2c1e05e106c5c36160e17619a494676deb136fb877c6d26f3adf75a5777","Trojan:Win64/Malgent!MSR","In Swor(x64).exe","113","2025-03-08"
"Windows API","msvcrt.dll!_onexit","efc0d2c1e05e106c5c36160e17619a494676deb136fb877c6d26f3adf75a5777","Trojan:Win64/Malgent!MSR","In Swor(x64).exe","431","2025-03-08"
"Windows API","msvcrt.dll!_read","efc0d2c1e05e106c5c36160e17619a494676deb136fb877c6d26f3adf75a5777","Trojan:Win64/Malgent!MSR","In Swor(x64).exe","154","2025-03-08"
"Windows API","msvcrt.dll!_setjmp","efc0d2c1e05e106c5c36160e17619a494676deb136fb877c6d26f3adf75a5777","Trojan:Win64/Malgent!MSR","In Swor(x64).exe","35","2025-03-08"
"Windows API","msvcrt.dll!_strdup","efc0d2c1e05e106c5c36160e17619a494676deb136fb877c6d26f3adf75a5777","Trojan:Win64/Malgent!MSR","In Swor(x64).exe","115","2025-03-08"
"Windows API","msvcrt.dll!_ultoa","efc0d2c1e05e106c5c36160e17619a494676deb136fb877c6d26f3adf75a5777","Trojan:Win64/Malgent!MSR","In Swor(x64).exe","17","2025-03-08"
"Windows API","msvcrt.dll!_wfopen","efc0d2c1e05e106c5c36160e17619a494676deb136fb877c6d26f3adf75a5777","Trojan:Win64/Malgent!MSR","In Swor(x64).exe","152","2025-03-08"
"Windows API","msvcrt.dll!_write","efc0d2c1e05e106c5c36160e17619a494676deb136fb877c6d26f3adf75a5777","Trojan:Win64/Malgent!MSR","In Swor(x64).exe","157","2025-03-08"
"Windows API","msvcrt.dll!abort","efc0d2c1e05e106c5c36160e17619a494676deb136fb877c6d26f3adf75a5777","Trojan:Win64/Malgent!MSR","In Swor(x64).exe","353","2025-03-08"
"Windows API","msvcrt.dll!calloc","efc0d2c1e05e106c5c36160e17619a494676deb136fb877c6d26f3adf75a5777","Trojan:Win64/Malgent!MSR","In Swor(x64).exe","337","2025-03-08"
"Windows API","msvcrt.dll!exit","efc0d2c1e05e106c5c36160e17619a494676deb136fb877c6d26f3adf75a5777","Trojan:Win64/Malgent!MSR","In Swor(x64).exe","522","2025-03-08"
"Windows API","msvcrt.dll!fclose","efc0d2c1e05e106c5c36160e17619a494676deb136fb877c6d26f3adf75a5777","Trojan:Win64/Malgent!MSR","In Swor(x64).exe","277","2025-03-08"
"Windows API","msvcrt.dll!fflush","efc0d2c1e05e106c5c36160e17619a494676deb136fb877c6d26f3adf75a5777","Trojan:Win64/Malgent!MSR","In Swor(x64).exe","233","2025-03-08"
"Windows API","msvcrt.dll!fgetpos","efc0d2c1e05e106c5c36160e17619a494676deb136fb877c6d26f3adf75a5777","Trojan:Win64/Malgent!MSR","In Swor(x64).exe","22","2025-03-08"
"Windows API","msvcrt.dll!fopen","efc0d2c1e05e106c5c36160e17619a494676deb136fb877c6d26f3adf75a5777","Trojan:Win64/Malgent!MSR","In Swor(x64).exe","140","2025-03-08"
"Windows API","msvcrt.dll!fprintf","efc0d2c1e05e106c5c36160e17619a494676deb136fb877c6d26f3adf75a5777","Trojan:Win64/Malgent!MSR","In Swor(x64).exe","370","2025-03-08"
"Windows API","msvcrt.dll!fputc","efc0d2c1e05e106c5c36160e17619a494676deb136fb877c6d26f3adf75a5777","Trojan:Win64/Malgent!MSR","In Swor(x64).exe","254","2025-03-08"
"Windows API","msvcrt.dll!fputs","efc0d2c1e05e106c5c36160e17619a494676deb136fb877c6d26f3adf75a5777","Trojan:Win64/Malgent!MSR","In Swor(x64).exe","198","2025-03-08"
"Windows API","msvcrt.dll!fread","efc0d2c1e05e106c5c36160e17619a494676deb136fb877c6d26f3adf75a5777","Trojan:Win64/Malgent!MSR","In Swor(x64).exe","161","2025-03-08"
"Windows API","msvcrt.dll!free","efc0d2c1e05e106c5c36160e17619a494676deb136fb877c6d26f3adf75a5777","Trojan:Win64/Malgent!MSR","In Swor(x64).exe","448","2025-03-08"
"Windows API","msvcrt.dll!fsetpos","efc0d2c1e05e106c5c36160e17619a494676deb136fb877c6d26f3adf75a5777","Trojan:Win64/Malgent!MSR","In Swor(x64).exe","21","2025-03-08"
"Windows API","msvcrt.dll!fwrite","efc0d2c1e05e106c5c36160e17619a494676deb136fb877c6d26f3adf75a5777","Trojan:Win64/Malgent!MSR","In Swor(x64).exe","341","2025-03-08"
"Windows API","msvcrt.dll!getc","efc0d2c1e05e106c5c36160e17619a494676deb136fb877c6d26f3adf75a5777","Trojan:Win64/Malgent!MSR","In Swor(x64).exe","150","2025-03-08"
"Windows API","msvcrt.dll!getwc","efc0d2c1e05e106c5c36160e17619a494676deb136fb877c6d26f3adf75a5777","Trojan:Win64/Malgent!MSR","In Swor(x64).exe","12","2025-03-08"
"Windows API","msvcrt.dll!iswctype","efc0d2c1e05e106c5c36160e17619a494676deb136fb877c6d26f3adf75a5777","Trojan:Win64/Malgent!MSR","In Swor(x64).exe","82","2025-03-08"
"Windows API","msvcrt.dll!localeconv","efc0d2c1e05e106c5c36160e17619a494676deb136fb877c6d26f3adf75a5777","Trojan:Win64/Malgent!MSR","In Swor(x64).exe","168","2025-03-08"
"Windows API","msvcrt.dll!longjmp","efc0d2c1e05e106c5c36160e17619a494676deb136fb877c6d26f3adf75a5777","Trojan:Win64/Malgent!MSR","In Swor(x64).exe","36","2025-03-08"
"Windows API","msvcrt.dll!malloc","efc0d2c1e05e106c5c36160e17619a494676deb136fb877c6d26f3adf75a5777","Trojan:Win64/Malgent!MSR","In Swor(x64).exe","454","2025-03-08"
"Windows API","msvcrt.dll!memchr","efc0d2c1e05e106c5c36160e17619a494676deb136fb877c6d26f3adf75a5777","Trojan:Win64/Malgent!MSR","In Swor(x64).exe","161","2025-03-08"
"Windows API","msvcrt.dll!memcmp","efc0d2c1e05e106c5c36160e17619a494676deb136fb877c6d26f3adf75a5777","Trojan:Win64/Malgent!MSR","In Swor(x64).exe","275","2025-03-08"
"Windows API","msvcrt.dll!memcpy","efc0d2c1e05e106c5c36160e17619a494676deb136fb877c6d26f3adf75a5777","Trojan:Win64/Malgent!MSR","In Swor(x64).exe","478","2025-03-08"
"Windows API","msvcrt.dll!memmove","efc0d2c1e05e106c5c36160e17619a494676deb136fb877c6d26f3adf75a5777","Trojan:Win64/Malgent!MSR","In Swor(x64).exe","357","2025-03-08"
"Windows API","msvcrt.dll!memset","efc0d2c1e05e106c5c36160e17619a494676deb136fb877c6d26f3adf75a5777","Trojan:Win64/Malgent!MSR","In Swor(x64).exe","406","2025-03-08"
"Windows API","msvcrt.dll!printf","efc0d2c1e05e106c5c36160e17619a494676deb136fb877c6d26f3adf75a5777","Trojan:Win64/Malgent!MSR","In Swor(x64).exe","92","2025-03-08"
"Windows API","msvcrt.dll!putc","efc0d2c1e05e106c5c36160e17619a494676deb136fb877c6d26f3adf75a5777","Trojan:Win64/Malgent!MSR","In Swor(x64).exe","94","2025-03-08"
"Windows API","msvcrt.dll!putwc","efc0d2c1e05e106c5c36160e17619a494676deb136fb877c6d26f3adf75a5777","Trojan:Win64/Malgent!MSR","In Swor(x64).exe","12","2025-03-08"
"Windows API","msvcrt.dll!realloc","efc0d2c1e05e106c5c36160e17619a494676deb136fb877c6d26f3adf75a5777","Trojan:Win64/Malgent!MSR","In Swor(x64).exe","275","2025-03-08"
"Windows API","msvcrt.dll!setlocale","efc0d2c1e05e106c5c36160e17619a494676deb136fb877c6d26f3adf75a5777","Trojan:Win64/Malgent!MSR","In Swor(x64).exe","169","2025-03-08"
"Windows API","msvcrt.dll!setvbuf","efc0d2c1e05e106c5c36160e17619a494676deb136fb877c6d26f3adf75a5777","Trojan:Win64/Malgent!MSR","In Swor(x64).exe","101","2025-03-08"
"Windows API","msvcrt.dll!signal","efc0d2c1e05e106c5c36160e17619a494676deb136fb877c6d26f3adf75a5777","Trojan:Win64/Malgent!MSR","In Swor(x64).exe","348","2025-03-08"
"Windows API","msvcrt.dll!strcmp","efc0d2c1e05e106c5c36160e17619a494676deb136fb877c6d26f3adf75a5777","Trojan:Win64/Malgent!MSR","In Swor(x64).exe","290","2025-03-08"
"Windows API","msvcrt.dll!strcoll","efc0d2c1e05e106c5c36160e17619a494676deb136fb877c6d26f3adf75a5777","Trojan:Win64/Malgent!MSR","In Swor(x64).exe","27","2025-03-08"
"Windows API","msvcrt.dll!strerror","efc0d2c1e05e106c5c36160e17619a494676deb136fb877c6d26f3adf75a5777","Trojan:Win64/Malgent!MSR","In Swor(x64).exe","215","2025-03-08"
"Windows API","msvcrt.dll!strftime","efc0d2c1e05e106c5c36160e17619a494676deb136fb877c6d26f3adf75a5777","Trojan:Win64/Malgent!MSR","In Swor(x64).exe","108","2025-03-08"
"Windows API","msvcrt.dll!strlen","efc0d2c1e05e106c5c36160e17619a494676deb136fb877c6d26f3adf75a5777","Trojan:Win64/Malgent!MSR","In Swor(x64).exe","405","2025-03-08"
"Windows API","msvcrt.dll!strncmp","efc0d2c1e05e106c5c36160e17619a494676deb136fb877c6d26f3adf75a5777","Trojan:Win64/Malgent!MSR","In Swor(x64).exe","363","2025-03-08"
"Windows API","msvcrt.dll!strxfrm","efc0d2c1e05e106c5c36160e17619a494676deb136fb877c6d26f3adf75a5777","Trojan:Win64/Malgent!MSR","In Swor(x64).exe","15","2025-03-08"
"Windows API","msvcrt.dll!towlower","efc0d2c1e05e106c5c36160e17619a494676deb136fb877c6d26f3adf75a5777","Trojan:Win64/Malgent!MSR","In Swor(x64).exe","37","2025-03-08"
"Windows API","msvcrt.dll!towupper","efc0d2c1e05e106c5c36160e17619a494676deb136fb877c6d26f3adf75a5777","Trojan:Win64/Malgent!MSR","In Swor(x64).exe","44","2025-03-08"
"Windows API","msvcrt.dll!ungetc","efc0d2c1e05e106c5c36160e17619a494676deb136fb877c6d26f3adf75a5777","Trojan:Win64/Malgent!MSR","In Swor(x64).exe","133","2025-03-08"
"Windows API","msvcrt.dll!ungetwc","efc0d2c1e05e106c5c36160e17619a494676deb136fb877c6d26f3adf75a5777","Trojan:Win64/Malgent!MSR","In Swor(x64).exe","13","2025-03-08"
"Windows API","msvcrt.dll!vfprintf","efc0d2c1e05e106c5c36160e17619a494676deb136fb877c6d26f3adf75a5777","Trojan:Win64/Malgent!MSR","In Swor(x64).exe","338","2025-03-08"
"Windows API","msvcrt.dll!wcscoll","efc0d2c1e05e106c5c36160e17619a494676deb136fb877c6d26f3adf75a5777","Trojan:Win64/Malgent!MSR","In Swor(x64).exe","17","2025-03-08"
"Windows API","msvcrt.dll!wcsftime","efc0d2c1e05e106c5c36160e17619a494676deb136fb877c6d26f3adf75a5777","Trojan:Win64/Malgent!MSR","In Swor(x64).exe","17","2025-03-08"
"Windows API","msvcrt.dll!wcslen","efc0d2c1e05e106c5c36160e17619a494676deb136fb877c6d26f3adf75a5777","Trojan:Win64/Malgent!MSR","In Swor(x64).exe","277","2025-03-08"
"Windows API","msvcrt.dll!wcsxfrm","efc0d2c1e05e106c5c36160e17619a494676deb136fb877c6d26f3adf75a5777","Trojan:Win64/Malgent!MSR","In Swor(x64).exe","14","2025-03-08"
"Windows API","MSWSOCK.dll!AcceptEx","02ab315e4e3cf71c1632c91d4914c21b9f6e0b9aa0263f2400d6381aab759a61","Trojan:Win32/Alevaul!rfn","C:\Users\user\AppData\Local\Temp\btpkrtce.yz5\svchost.exe","41","2025-06-30"
"Windows API","MSWSOCK.dll!GetAcceptExSockaddrs","02ab315e4e3cf71c1632c91d4914c21b9f6e0b9aa0263f2400d6381aab759a61","Trojan:Win32/Alevaul!rfn","C:\Users\user\AppData\Local\Temp\btpkrtce.yz5\svchost.exe","41","2025-06-30"
"Windows API","ole32.dll!CoTaskMemFree","02ab315e4e3cf71c1632c91d4914c21b9f6e0b9aa0263f2400d6381aab759a61","Trojan:Win32/Alevaul!rfn","C:\Users\user\AppData\Local\Temp\btpkrtce.yz5\svchost.exe","1150","2025-06-30"
"Windows API","WININET.dll!HttpEndRequestA","02ab315e4e3cf71c1632c91d4914c21b9f6e0b9aa0263f2400d6381aab759a61","Trojan:Win32/Alevaul!rfn","C:\Users\user\AppData\Local\Temp\btpkrtce.yz5\svchost.exe","1","2025-06-30"
"Windows API","WININET.dll!HttpOpenRequestA","02ab315e4e3cf71c1632c91d4914c21b9f6e0b9aa0263f2400d6381aab759a61","Trojan:Win32/Alevaul!rfn","C:\Users\user\AppData\Local\Temp\btpkrtce.yz5\svchost.exe","25","2025-06-30"
"Windows API","WININET.dll!HttpQueryInfoA","02ab315e4e3cf71c1632c91d4914c21b9f6e0b9aa0263f2400d6381aab759a61","Trojan:Win32/Alevaul!rfn","C:\Users\user\AppData\Local\Temp\btpkrtce.yz5\svchost.exe","31","2025-06-30"
"Windows API","WININET.dll!HttpSendRequestExA","02ab315e4e3cf71c1632c91d4914c21b9f6e0b9aa0263f2400d6381aab759a61","Trojan:Win32/Alevaul!rfn","C:\Users\user\AppData\Local\Temp\btpkrtce.yz5\svchost.exe","2","2025-06-30"
"Windows API","WININET.dll!InternetCloseHandle","02ab315e4e3cf71c1632c91d4914c21b9f6e0b9aa0263f2400d6381aab759a61","Trojan:Win32/Alevaul!rfn","C:\Users\user\AppData\Local\Temp\btpkrtce.yz5\svchost.exe","92","2025-06-30"
"Windows API","WININET.dll!InternetConnectA","02ab315e4e3cf71c1632c91d4914c21b9f6e0b9aa0263f2400d6381aab759a61","Trojan:Win32/Alevaul!rfn","C:\Users\user\AppData\Local\Temp\btpkrtce.yz5\svchost.exe","25","2025-06-30"
"Windows API","WININET.dll!InternetOpenA","02ab315e4e3cf71c1632c91d4914c21b9f6e0b9aa0263f2400d6381aab759a61","Trojan:Win32/Alevaul!rfn","C:\Users\user\AppData\Local\Temp\btpkrtce.yz5\svchost.exe","18","2025-06-30"
"Windows API","WININET.dll!InternetQueryDataAvailable","02ab315e4e3cf71c1632c91d4914c21b9f6e0b9aa0263f2400d6381aab759a61","Trojan:Win32/Alevaul!rfn","C:\Users\user\AppData\Local\Temp\btpkrtce.yz5\svchost.exe","26","2025-06-30"
"Windows API","WININET.dll!InternetQueryOptionA","02ab315e4e3cf71c1632c91d4914c21b9f6e0b9aa0263f2400d6381aab759a61","Trojan:Win32/Alevaul!rfn","C:\Users\user\AppData\Local\Temp\btpkrtce.yz5\svchost.exe","16","2025-06-30"
"Windows API","WININET.dll!InternetReadFile","02ab315e4e3cf71c1632c91d4914c21b9f6e0b9aa0263f2400d6381aab759a61","Trojan:Win32/Alevaul!rfn","C:\Users\user\AppData\Local\Temp\btpkrtce.yz5\svchost.exe","82","2025-06-30"
"Windows API","WININET.dll!InternetSetOptionA","02ab315e4e3cf71c1632c91d4914c21b9f6e0b9aa0263f2400d6381aab759a61","Trojan:Win32/Alevaul!rfn","C:\Users\user\AppData\Local\Temp\btpkrtce.yz5\svchost.exe","11","2025-06-30"
"Windows API","WININET.dll!InternetSetOptionW","02ab315e4e3cf71c1632c91d4914c21b9f6e0b9aa0263f2400d6381aab759a61","Trojan:Win32/Alevaul!rfn","C:\Users\user\AppData\Local\Temp\btpkrtce.yz5\svchost.exe","52","2025-06-30"
"Windows API","WININET.dll!InternetWriteFile","02ab315e4e3cf71c1632c91d4914c21b9f6e0b9aa0263f2400d6381aab759a61","Trojan:Win32/Alevaul!rfn","C:\Users\user\AppData\Local\Temp\btpkrtce.yz5\svchost.exe","25","2025-06-30"
"Windows API","WS2_32.dll!__WSAFDIsSet","02ab315e4e3cf71c1632c91d4914c21b9f6e0b9aa0263f2400d6381aab759a61","Trojan:Win32/Alevaul!rfn","C:\Users\user\AppData\Local\Temp\btpkrtce.yz5\svchost.exe","551","2025-06-30"
"Windows API","WS2_32.dll!accept","02ab315e4e3cf71c1632c91d4914c21b9f6e0b9aa0263f2400d6381aab759a61","Trojan:Win32/Alevaul!rfn","C:\Users\user\AppData\Local\Temp\btpkrtce.yz5\svchost.exe","660","2025-06-30"
"Windows API","WS2_32.dll!bind","02ab315e4e3cf71c1632c91d4914c21b9f6e0b9aa0263f2400d6381aab759a61","Trojan:Win32/Alevaul!rfn","C:\Users\user\AppData\Local\Temp\btpkrtce.yz5\svchost.exe","859","2025-06-30"
"Windows API","WS2_32.dll!closesocket","02ab315e4e3cf71c1632c91d4914c21b9f6e0b9aa0263f2400d6381aab759a61","Trojan:Win32/Alevaul!rfn","C:\Users\user\AppData\Local\Temp\btpkrtce.yz5\svchost.exe","921","2025-06-30"
"Windows API","WS2_32.dll!connect","02ab315e4e3cf71c1632c91d4914c21b9f6e0b9aa0263f2400d6381aab759a61","Trojan:Win32/Alevaul!rfn","C:\Users\user\AppData\Local\Temp\btpkrtce.yz5\svchost.exe","748","2025-06-30"
"Windows API","WS2_32.dll!gethostname","02ab315e4e3cf71c1632c91d4914c21b9f6e0b9aa0263f2400d6381aab759a61","Trojan:Win32/Alevaul!rfn","C:\Users\user\AppData\Local\Temp\btpkrtce.yz5\svchost.exe","562","2025-06-30"
"Windows API","WS2_32.dll!getpeername","02ab315e4e3cf71c1632c91d4914c21b9f6e0b9aa0263f2400d6381aab759a61","Trojan:Win32/Alevaul!rfn","C:\Users\user\AppData\Local\Temp\btpkrtce.yz5\svchost.exe","598","2025-06-30"
"Windows API","WS2_32.dll!getservbyname","02ab315e4e3cf71c1632c91d4914c21b9f6e0b9aa0263f2400d6381aab759a61","Trojan:Win32/Alevaul!rfn","C:\Users\user\AppData\Local\Temp\btpkrtce.yz5\svchost.exe","162","2025-06-30"
"Windows API","WS2_32.dll!getsockname","02ab315e4e3cf71c1632c91d4914c21b9f6e0b9aa0263f2400d6381aab759a61","Trojan:Win32/Alevaul!rfn","C:\Users\user\AppData\Local\Temp\btpkrtce.yz5\svchost.exe","759","2025-06-30"
"Windows API","WS2_32.dll!getsockopt","02ab315e4e3cf71c1632c91d4914c21b9f6e0b9aa0263f2400d6381aab759a61","Trojan:Win32/Alevaul!rfn","C:\Users\user\AppData\Local\Temp\btpkrtce.yz5\svchost.exe","718","2025-06-30"
"Windows API","WS2_32.dll!htonl","02ab315e4e3cf71c1632c91d4914c21b9f6e0b9aa0263f2400d6381aab759a61","Trojan:Win32/Alevaul!rfn","C:\Users\user\AppData\Local\Temp\btpkrtce.yz5\svchost.exe","631","2025-06-30"
"Windows API","WS2_32.dll!htons","02ab315e4e3cf71c1632c91d4914c21b9f6e0b9aa0263f2400d6381aab759a61","Trojan:Win32/Alevaul!rfn","C:\Users\user\AppData\Local\Temp\btpkrtce.yz5\svchost.exe","736","2025-06-30"
"Windows API","WS2_32.dll!ioctlsocket","02ab315e4e3cf71c1632c91d4914c21b9f6e0b9aa0263f2400d6381aab759a61","Trojan:Win32/Alevaul!rfn","C:\Users\user\AppData\Local\Temp\btpkrtce.yz5\svchost.exe","784","2025-06-30"
"Windows API","WS2_32.dll!listen","02ab315e4e3cf71c1632c91d4914c21b9f6e0b9aa0263f2400d6381aab759a61","Trojan:Win32/Alevaul!rfn","C:\Users\user\AppData\Local\Temp\btpkrtce.yz5\svchost.exe","804","2025-06-30"
"Windows API","WS2_32.dll!ntohl","02ab315e4e3cf71c1632c91d4914c21b9f6e0b9aa0263f2400d6381aab759a61","Trojan:Win32/Alevaul!rfn","C:\Users\user\AppData\Local\Temp\btpkrtce.yz5\svchost.exe","459","2025-06-30"
"Windows API","WS2_32.dll!ntohs","02ab315e4e3cf71c1632c91d4914c21b9f6e0b9aa0263f2400d6381aab759a61","Trojan:Win32/Alevaul!rfn","C:\Users\user\AppData\Local\Temp\btpkrtce.yz5\svchost.exe","682","2025-06-30"
"Windows API","WS2_32.dll!recv","02ab315e4e3cf71c1632c91d4914c21b9f6e0b9aa0263f2400d6381aab759a61","Trojan:Win32/Alevaul!rfn","C:\Users\user\AppData\Local\Temp\btpkrtce.yz5\svchost.exe","772","2025-06-30"
"Windows API","WS2_32.dll!recvfrom","02ab315e4e3cf71c1632c91d4914c21b9f6e0b9aa0263f2400d6381aab759a61","Trojan:Win32/Alevaul!rfn","C:\Users\user\AppData\Local\Temp\btpkrtce.yz5\svchost.exe","531","2025-06-30"
"Windows API","WS2_32.dll!select","02ab315e4e3cf71c1632c91d4914c21b9f6e0b9aa0263f2400d6381aab759a61","Trojan:Win32/Alevaul!rfn","C:\Users\user\AppData\Local\Temp\btpkrtce.yz5\svchost.exe","547","2025-06-30"
"Windows API","WS2_32.dll!send","02ab315e4e3cf71c1632c91d4914c21b9f6e0b9aa0263f2400d6381aab759a61","Trojan:Win32/Alevaul!rfn","C:\Users\user\AppData\Local\Temp\btpkrtce.yz5\svchost.exe","597","2025-06-30"
"Windows API","WS2_32.dll!setsockopt","02ab315e4e3cf71c1632c91d4914c21b9f6e0b9aa0263f2400d6381aab759a61","Trojan:Win32/Alevaul!rfn","C:\Users\user\AppData\Local\Temp\btpkrtce.yz5\svchost.exe","862","2025-06-30"
"Windows API","WS2_32.dll!socket","02ab315e4e3cf71c1632c91d4914c21b9f6e0b9aa0263f2400d6381aab759a61","Trojan:Win32/Alevaul!rfn","C:\Users\user\AppData\Local\Temp\btpkrtce.yz5\svchost.exe","691","2025-06-30"
"Windows API","WS2_32.dll!WSAAddressToStringW","02ab315e4e3cf71c1632c91d4914c21b9f6e0b9aa0263f2400d6381aab759a61","Trojan:Win32/Alevaul!rfn","C:\Users\user\AppData\Local\Temp\btpkrtce.yz5\svchost.exe","108","2025-06-30"
"Windows API","WS2_32.dll!WSACleanup","02ab315e4e3cf71c1632c91d4914c21b9f6e0b9aa0263f2400d6381aab759a61","Trojan:Win32/Alevaul!rfn","C:\Users\user\AppData\Local\Temp\btpkrtce.yz5\svchost.exe","591","2025-06-30"
"Windows API","WS2_32.dll!WSAGetLastError","02ab315e4e3cf71c1632c91d4914c21b9f6e0b9aa0263f2400d6381aab759a61","Trojan:Win32/Alevaul!rfn","C:\Users\user\AppData\Local\Temp\btpkrtce.yz5\svchost.exe","943","2025-06-30"
"Windows API","WS2_32.dll!WSAIoctl","02ab315e4e3cf71c1632c91d4914c21b9f6e0b9aa0263f2400d6381aab759a61","Trojan:Win32/Alevaul!rfn","C:\Users\user\AppData\Local\Temp\btpkrtce.yz5\svchost.exe","671","2025-06-30"
"Windows API","WS2_32.dll!WSARecv","02ab315e4e3cf71c1632c91d4914c21b9f6e0b9aa0263f2400d6381aab759a61","Trojan:Win32/Alevaul!rfn","C:\Users\user\AppData\Local\Temp\btpkrtce.yz5\svchost.exe","496","2025-06-30"
"Windows API","WS2_32.dll!WSARecvFrom","02ab315e4e3cf71c1632c91d4914c21b9f6e0b9aa0263f2400d6381aab759a61","Trojan:Win32/Alevaul!rfn","C:\Users\user\AppData\Local\Temp\btpkrtce.yz5\svchost.exe","295","2025-06-30"
"Windows API","WS2_32.dll!WSASend","02ab315e4e3cf71c1632c91d4914c21b9f6e0b9aa0263f2400d6381aab759a61","Trojan:Win32/Alevaul!rfn","C:\Users\user\AppData\Local\Temp\btpkrtce.yz5\svchost.exe","562","2025-06-30"
"Windows API","WS2_32.dll!WSASendTo","02ab315e4e3cf71c1632c91d4914c21b9f6e0b9aa0263f2400d6381aab759a61","Trojan:Win32/Alevaul!rfn","C:\Users\user\AppData\Local\Temp\btpkrtce.yz5\svchost.exe","297","2025-06-30"
"Windows API","WS2_32.dll!WSASetLastError","02ab315e4e3cf71c1632c91d4914c21b9f6e0b9aa0263f2400d6381aab759a61","Trojan:Win32/Alevaul!rfn","C:\Users\user\AppData\Local\Temp\btpkrtce.yz5\svchost.exe","503","2025-06-30"
"Windows API","WS2_32.dll!WSASocketW","02ab315e4e3cf71c1632c91d4914c21b9f6e0b9aa0263f2400d6381aab759a61","Trojan:Win32/Alevaul!rfn","C:\Users\user\AppData\Local\Temp\btpkrtce.yz5\svchost.exe","461","2025-06-30"
"Windows API","WS2_32.dll!WSAStartup","02ab315e4e3cf71c1632c91d4914c21b9f6e0b9aa0263f2400d6381aab759a61","Trojan:Win32/Alevaul!rfn","C:\Users\user\AppData\Local\Temp\btpkrtce.yz5\svchost.exe","982","2025-06-30"
"Windows API","WS2_32.dll!WSAStringToAddressW","02ab315e4e3cf71c1632c91d4914c21b9f6e0b9aa0263f2400d6381aab759a61","Trojan:Win32/Alevaul!rfn","C:\Users\user\AppData\Local\Temp\btpkrtce.yz5\svchost.exe","80","2025-06-30"
"Yara Rule","EXPL_PaloAlto_CVE_2024_3400_Apr24_1","a774244ea5d759c4044aea75128a977e45fd6d1bb5942d9a8a1c5d7bff7e3db9","HackTool:Win64/FScan!MSR","DingTalk.exe","0","2025-04-01"
"Yara Rule","EXPL_POC_SpringCore_0day_Indicators_Mar22_1","a284c8b14e4be0e2e561e5ff64e82dc7","Trojan:Win32/CryptInject","ver.exe","0","2025-03-20"
"Yara Rule","EXPL_POC_SpringCore_0day_Indicators_Mar22_1","a41713b709cbc5828d66de5846eda9611dc29f25","Trojan:Win32/CryptInject","ver.exe","0","2025-03-20"
"Yara Rule","EXPL_POC_SpringCore_0day_Indicators_Mar22_1","a774244ea5d759c4044aea75128a977e45fd6d1bb5942d9a8a1c5d7bff7e3db9","HackTool:Win64/FScan!MSR","DingTalk.exe","0","2025-04-01"
"Yara Rule","EXPL_POC_SpringCore_0day_Indicators_Mar22_1","f4ea99dc41cb7922d01955eef9303ec3a24b88c3318138855346de1e830ed09e","Trojan:Win32/CryptInject","ver.exe","0","2025-08-06"
"Yara Rule","INDICATOR_SUSPICIOUS_EXE_RawGitHub_URL","a284c8b14e4be0e2e561e5ff64e82dc7","Trojan:Win32/CryptInject","ver.exe","18","2025-03-20"
"Yara Rule","INDICATOR_SUSPICIOUS_EXE_RawGitHub_URL","a41713b709cbc5828d66de5846eda9611dc29f25","Trojan:Win32/CryptInject","ver.exe","18","2025-03-20"
"Yara Rule","INDICATOR_SUSPICIOUS_EXE_RawGitHub_URL","f4ea99dc41cb7922d01955eef9303ec3a24b88c3318138855346de1e830ed09e","Trojan:Win32/CryptInject","ver.exe","18","2025-08-06"
"Yara Rule","INDICATOR_SUSPICIOUS_EXE_RawGitHub_URL","a774244ea5d759c4044aea75128a977e45fd6d1bb5942d9a8a1c5d7bff7e3db9","HackTool:Win64/FScan!MSR","DingTalk.exe","18","2025-04-01"
"Yara Rule","INDICATOR_TOOL_EXP_ApacheStrusts","a284c8b14e4be0e2e561e5ff64e82dc7","Trojan:Win32/CryptInject","ver.exe","0","2025-03-20"
"Yara Rule","INDICATOR_TOOL_EXP_ApacheStrusts","a774244ea5d759c4044aea75128a977e45fd6d1bb5942d9a8a1c5d7bff7e3db9","HackTool:Win64/FScan!MSR","DingTalk.exe","0","2025-04-01"
"Yara Rule","INDICATOR_TOOL_EXP_ApacheStrusts","a41713b709cbc5828d66de5846eda9611dc29f25","Trojan:Win32/CryptInject","ver.exe","0","2025-03-20"
"Yara Rule","INDICATOR_TOOL_EXP_ApacheStrusts","f4ea99dc41cb7922d01955eef9303ec3a24b88c3318138855346de1e830ed09e","Trojan:Win32/CryptInject","ver.exe","0","2025-08-06"
"Yara Rule","INDICATOR_TOOL_FScan","a284c8b14e4be0e2e561e5ff64e82dc7","Trojan:Win32/CryptInject","ver.exe","0","2025-03-20"
"Yara Rule","INDICATOR_TOOL_FScan","a41713b709cbc5828d66de5846eda9611dc29f25","Trojan:Win32/CryptInject","ver.exe","0","2025-03-20"
"Yara Rule","INDICATOR_TOOL_FScan","f4ea99dc41cb7922d01955eef9303ec3a24b88c3318138855346de1e830ed09e","Trojan:Win32/CryptInject","ver.exe","0","2025-08-06"
"Yara Rule","SUSP_GObfuscate_May21","a774244ea5d759c4044aea75128a977e45fd6d1bb5942d9a8a1c5d7bff7e3db9","HackTool:Win64/FScan!MSR","DingTalk.exe","0","2025-04-01"
"Yara Rule","SUSP_Imphash_Mar23_3","f4ea99dc41cb7922d01955eef9303ec3a24b88c3318138855346de1e830ed09e","Trojan:Win32/CryptInject","ver.exe","1","2025-08-06"
"Yara Rule","SUSP_Imphash_Mar23_3","a284c8b14e4be0e2e561e5ff64e82dc7","Trojan:Win32/CryptInject","ver.exe","1","2025-03-20"
"Yara Rule","SUSP_Imphash_Mar23_3","a41713b709cbc5828d66de5846eda9611dc29f25","Trojan:Win32/CryptInject","ver.exe","1","2025-03-20"
"Yara Rule","tool_inswor_strings","efc0d2c1e05e106c5c36160e17619a494676deb136fb877c6d26f3adf75a5777","Trojan:Win64/Malgent!MSR","In Swor(x64).exe","0","2025-03-08"
"Yara Rule","tool_swor","efc0d2c1e05e106c5c36160e17619a494676deb136fb877c6d26f3adf75a5777","Trojan:Win64/Malgent!MSR","In Swor(x64).exe","0","2025-03-08"
"Yara Rule","UPX","a41713b709cbc5828d66de5846eda9611dc29f25","Trojan:Win32/CryptInject","ver.exe","19","2025-03-20"
"Yara Rule","UPX","a284c8b14e4be0e2e561e5ff64e82dc7","Trojan:Win32/CryptInject","ver.exe","19","2025-03-20"
"Yara Rule","UPX","a284c8b14e4be0e2e561e5ff64e82dc7","Trojan:Win32/CryptInject","ver.exe","19","2025-03-20"
"Yara Rule","UPX","a41713b709cbc5828d66de5846eda9611dc29f25","Trojan:Win32/CryptInject","ver.exe","19","2025-03-20"
"Yara Rule","UPX","f4ea99dc41cb7922d01955eef9303ec3a24b88c3318138855346de1e830ed09e","Trojan:Win32/CryptInject","ver.exe","19","2025-08-06"
"Yara Rule","UPX","f4ea99dc41cb7922d01955eef9303ec3a24b88c3318138855346de1e830ed09e","Trojan:Win32/CryptInject","ver.exe","19","2025-08-06"
"Yara Rule","Windows_API_Function","ffb8db57b543ba8a5086640a0b59a5def4929ad261e9f3624b2c0a22ae380391","Trojan:Win32/Casdet!rfn","linux.x","321","2025-06-01"
