"Date","Source","Actor","IOCType","IOCValue","Context","Link"
"2026-02-02","VirusTotal (Fallback)","APT37","SHA256","45ede6f409171be030b9b2a553386eee8edadf7da4f14b35d39fe0d369d38d7c","Text Match: Reaper","https://www.virustotal.com/gui/file/45ede6f409171be030b9b2a553386eee8edadf7da4f14b35d39fe0d369d38d7c"
"2026-02-02","VirusTotal (Fallback)","APT37","SHA256","d519639f4cfc6b13ce86ca72a14e45fe42d09a5b4b731c2907f84766aac15032","Text Match: Reaper","https://www.virustotal.com/gui/file/d519639f4cfc6b13ce86ca72a14e45fe42d09a5b4b731c2907f84766aac15032"
"2026-02-02","VirusTotal (Fallback)","APT37","SHA256","d1a783a8ec4ac846a9fbb1be80525227cac912651a69a16517884dc5362050c4","Text Match: Reaper","https://www.virustotal.com/gui/file/d1a783a8ec4ac846a9fbb1be80525227cac912651a69a16517884dc5362050c4"
"2026-02-02","VirusTotal (Fallback)","APT37","SHA256","057f78b5407ad5d7dfc14e88ddc2d60cdc20c059016dddd09e021184431e41ee","Text Match: Reaper","https://www.virustotal.com/gui/file/057f78b5407ad5d7dfc14e88ddc2d60cdc20c059016dddd09e021184431e41ee"
"2026-02-02","VirusTotal (Fallback)","APT37","SHA256","b8bf3b2e382671404bc64a049e4c014397da7e0d702182683a5163facf3fc43d","Text Match: Reaper","https://www.virustotal.com/gui/file/b8bf3b2e382671404bc64a049e4c014397da7e0d702182683a5163facf3fc43d"
"2026-02-02","VirusTotal (Fallback)","APT37","SHA256","67780aa397992cd6747b995a02062feb1f8418023c85692aede6c07dcce735dd","Text Match: Reaper","https://www.virustotal.com/gui/file/67780aa397992cd6747b995a02062feb1f8418023c85692aede6c07dcce735dd"
"2026-02-02","VirusTotal (Fallback)","APT37","SHA256","13c6bc00ed4d5006604065605e49c0fc407ecf17b5f761fae0e317f51dd9e79d","Text Match: Reaper","https://www.virustotal.com/gui/file/13c6bc00ed4d5006604065605e49c0fc407ecf17b5f761fae0e317f51dd9e79d"
"2026-02-02","VirusTotal (Fallback)","APT37","SHA256","7cd8e1210c6925d2c1909fcae01e9d95e3f083baabf50e7e35cea01a23f1ced4","Text Match: Reaper","https://www.virustotal.com/gui/file/7cd8e1210c6925d2c1909fcae01e9d95e3f083baabf50e7e35cea01a23f1ced4"
"2026-02-02","VirusTotal (Fallback)","APT37","SHA256","fadbf75af9949f845ff70d6809faf99a331f578b13ed560c0e0a364c012dd79a","Text Match: Reaper","https://www.virustotal.com/gui/file/fadbf75af9949f845ff70d6809faf99a331f578b13ed560c0e0a364c012dd79a"
"2026-02-02","VirusTotal (Fallback)","APT37","SHA256","a53d9d979cdeb4d5da4d649727c216cde82d0bc112b6697305acdb9583242983","Text Match: Reaper","https://www.virustotal.com/gui/file/a53d9d979cdeb4d5da4d649727c216cde82d0bc112b6697305acdb9583242983"
"2026-02-02","VirusTotal (Fallback)","APT37","SHA256","40e86c7968a2f42a00122aa240e5e0661a19d9b84ee8b1ed1ab5cdc75d5b677b","Text Match: Reaper","https://www.virustotal.com/gui/file/40e86c7968a2f42a00122aa240e5e0661a19d9b84ee8b1ed1ab5cdc75d5b677b"
"2026-02-02","VirusTotal (Fallback)","APT37","SHA256","cb1ecc01a28b8ba319545a1108fa4ba70b07d04fb3a274e0d134e93f20968e90","Text Match: Reaper","https://www.virustotal.com/gui/file/cb1ecc01a28b8ba319545a1108fa4ba70b07d04fb3a274e0d134e93f20968e90"
"2026-02-02","VirusTotal (Fallback)","APT37","SHA256","732e7002a3398d970f27c9e177e530f16a82ebd46435d6693e8a2b19b49a5cf1","Text Match: Reaper","https://www.virustotal.com/gui/file/732e7002a3398d970f27c9e177e530f16a82ebd46435d6693e8a2b19b49a5cf1"
"2026-02-02","VirusTotal (Fallback)","APT37","SHA256","fb8e26c6fc2e4b5bb25f537a06e644a3cb6bdc2ff273a92dec7a1c2d9c43dd6e","Text Match: Reaper","https://www.virustotal.com/gui/file/fb8e26c6fc2e4b5bb25f537a06e644a3cb6bdc2ff273a92dec7a1c2d9c43dd6e"
"2026-02-02","VirusTotal (Fallback)","APT37","SHA256","2f723d993af4cec3e8df71374460dcfac93c5531271cb4a1fa34f9fe07efbb33","Text Match: Reaper","https://www.virustotal.com/gui/file/2f723d993af4cec3e8df71374460dcfac93c5531271cb4a1fa34f9fe07efbb33"
"2026-02-02","VirusTotal (Fallback)","APT37","SHA256","493e0150a2e3b5b0ff3c842617a2095e0ab88e535c60891086337d15c2061e4c","Text Match: Reaper","https://www.virustotal.com/gui/file/493e0150a2e3b5b0ff3c842617a2095e0ab88e535c60891086337d15c2061e4c"
"2026-02-02","VirusTotal (Fallback)","APT37","SHA256","cf408ed87da9bfbba9cfaf9c061a2791c1e7934c7256aab29ec62ce99de1aab4","Text Match: Reaper","https://www.virustotal.com/gui/file/cf408ed87da9bfbba9cfaf9c061a2791c1e7934c7256aab29ec62ce99de1aab4"
"2026-02-02","VirusTotal (Fallback)","APT37","SHA256","cb7597b58f2cbbf25d317e18718b07c4ddfeded01c27b985f69f68e19378e013","Text Match: Reaper","https://www.virustotal.com/gui/file/cb7597b58f2cbbf25d317e18718b07c4ddfeded01c27b985f69f68e19378e013"
"2026-02-02","VirusTotal (Fallback)","APT37","SHA256","86272ead71e34ab7d63d81325a52708f81b219619fe21ec740b3e8d7b389f83b","Text Match: Reaper","https://www.virustotal.com/gui/file/86272ead71e34ab7d63d81325a52708f81b219619fe21ec740b3e8d7b389f83b"
"2026-02-02","VirusTotal (Fallback)","APT37","SHA256","595a334a48515bfb1ad6e1654e364dd5a111e04234ca4087c1da19a151c41c68","Text Match: Reaper","https://www.virustotal.com/gui/file/595a334a48515bfb1ad6e1654e364dd5a111e04234ca4087c1da19a151c41c68"
"2026-02-02","VirusTotal (Fallback)","APT37","SHA256","d2d9c6f28e9514f2990cd3ef093d149cd5ec5ff82235e87b5e54fba0441a5bea","Text Match: Reaper","https://www.virustotal.com/gui/file/d2d9c6f28e9514f2990cd3ef093d149cd5ec5ff82235e87b5e54fba0441a5bea"
"2026-02-02","VirusTotal (Fallback)","APT37","SHA256","16b303b433f1fe66cb88451bf09a3493c6657afec6a7d39d7dbe484418a58059","Text Match: Reaper","https://www.virustotal.com/gui/file/16b303b433f1fe66cb88451bf09a3493c6657afec6a7d39d7dbe484418a58059"
"2026-02-02","VirusTotal (Fallback)","APT37","SHA256","aed320f6ee38681999ef2dbf7029f914b727f490a074bdc8478c103355d1141c","Text Match: Reaper","https://www.virustotal.com/gui/file/aed320f6ee38681999ef2dbf7029f914b727f490a074bdc8478c103355d1141c"
"2026-02-02","VirusTotal (Fallback)","APT37","SHA256","e7815eb210f95c6c9007fc4673bf36687a49c4c9584bece263220e81f2f6f6d1","Text Match: Reaper","https://www.virustotal.com/gui/file/e7815eb210f95c6c9007fc4673bf36687a49c4c9584bece263220e81f2f6f6d1"
"2026-02-02","VirusTotal (Fallback)","APT37","SHA256","815dd929c41304ab684015b7f1e0a1008bca7c8f7fd38b86c1a24941afe0a3e4","Text Match: Reaper","https://www.virustotal.com/gui/file/815dd929c41304ab684015b7f1e0a1008bca7c8f7fd38b86c1a24941afe0a3e4"
"2026-02-02","VirusTotal (Fallback)","APT37","SHA256","7a04348691457f74f6195f8eb8b5521ebf64f83c3df939db8710ee5611280739","Text Match: Reaper","https://www.virustotal.com/gui/file/7a04348691457f74f6195f8eb8b5521ebf64f83c3df939db8710ee5611280739"
"2026-02-02","VirusTotal (Fallback)","APT37","SHA256","8d01d5e9b3aadf98b614a2fc841f34cb0a3a631f8f6bc3df6d292b0eaa92ff39","Text Match: Reaper","https://www.virustotal.com/gui/file/8d01d5e9b3aadf98b614a2fc841f34cb0a3a631f8f6bc3df6d292b0eaa92ff39"
"2026-02-02","VirusTotal (Fallback)","APT37","SHA256","49bd658fe7aa428b41b0bd9c3b95f79802eedd64bf701452367a7bda8cac1522","Text Match: Reaper","https://www.virustotal.com/gui/file/49bd658fe7aa428b41b0bd9c3b95f79802eedd64bf701452367a7bda8cac1522"
"2026-02-02","VirusTotal (Fallback)","APT37","SHA256","14eff8d19f226a612c85464a6e9758a516a80501680b943fe9bba2f4d60be458","Text Match: Reaper","https://www.virustotal.com/gui/file/14eff8d19f226a612c85464a6e9758a516a80501680b943fe9bba2f4d60be458"
"2026-02-02","VirusTotal (Fallback)","APT37","SHA256","d85443119622628a539652c7e701fd21e9946ef6ca37732ffbc324573dd76e87","Text Match: Reaper","https://www.virustotal.com/gui/file/d85443119622628a539652c7e701fd21e9946ef6ca37732ffbc324573dd76e87"
"2026-02-02","VirusTotal (Fallback)","APT37","SHA256","4790e417dee7e545c1be0369c1f5502c4cd8759a11ec77e2e8a99a9abdc2199d","Text Match: Reaper","https://www.virustotal.com/gui/file/4790e417dee7e545c1be0369c1f5502c4cd8759a11ec77e2e8a99a9abdc2199d"
"2026-02-02","VirusTotal (Fallback)","APT37","SHA256","d3662a4c61a04e102266242e2499fca0113691cd5e7c5b3f872a9477b164ad91","Text Match: Reaper","https://www.virustotal.com/gui/file/d3662a4c61a04e102266242e2499fca0113691cd5e7c5b3f872a9477b164ad91"
"2026-02-02","VirusTotal (Fallback)","APT37","SHA256","dc48486e5988e5b89b6e55653ee7900c718b2844ae0506618641a7163fd55729","Text Match: Reaper","https://www.virustotal.com/gui/file/dc48486e5988e5b89b6e55653ee7900c718b2844ae0506618641a7163fd55729"
"2026-02-02","VirusTotal (Fallback)","APT37","SHA256","3294dbcc2f2af56a6b359db4dec950e071a65db91322bebb59dffb3fbb409eab","Text Match: Reaper","https://www.virustotal.com/gui/file/3294dbcc2f2af56a6b359db4dec950e071a65db91322bebb59dffb3fbb409eab"
"2026-02-02","VirusTotal (Fallback)","APT37","SHA256","1fd6833ea276d6f899011ad6c8573717bfc629d2248b8a01ceb31f086cbb7aac","Text Match: Reaper","https://www.virustotal.com/gui/file/1fd6833ea276d6f899011ad6c8573717bfc629d2248b8a01ceb31f086cbb7aac"
"2026-02-02","VirusTotal (Fallback)","APT37","SHA256","54022c771c6307853160d1878b6fd5c56b5af12e3d8d388791635889893b9e42","Text Match: Reaper","https://www.virustotal.com/gui/file/54022c771c6307853160d1878b6fd5c56b5af12e3d8d388791635889893b9e42"
"2026-02-02","VirusTotal (Fallback)","APT37","SHA256","4fe0b556199410dc594942d28cf52faa7e8211e2c5f3ec3a1963250ea005e116","Text Match: Reaper","https://www.virustotal.com/gui/file/4fe0b556199410dc594942d28cf52faa7e8211e2c5f3ec3a1963250ea005e116"
"2026-02-02","VirusTotal (Fallback)","APT37","SHA256","66c3d64b0dbd4c9132bc24268f510c40c6308e112c20b55948efe38d1186dc00","Text Match: Reaper","https://www.virustotal.com/gui/file/66c3d64b0dbd4c9132bc24268f510c40c6308e112c20b55948efe38d1186dc00"
"2026-02-02","VirusTotal (Fallback)","APT37","SHA256","026129ac5583690b75811840086957e981c346d50e0477a4636c410f3f24b58c","Text Match: Reaper","https://www.virustotal.com/gui/file/026129ac5583690b75811840086957e981c346d50e0477a4636c410f3f24b58c"
"2026-02-02","VirusTotal (Fallback)","APT37","SHA256","cdefa3ef87f836f2169f3962cdc84ab87c0b23ef4666486d4bf649a5dc17a93e","Text Match: Reaper","https://www.virustotal.com/gui/file/cdefa3ef87f836f2169f3962cdc84ab87c0b23ef4666486d4bf649a5dc17a93e"
"2026-02-02","VirusTotal (Fallback)","APT37","SHA256","56ede309384447b145596c01cab86bc041899dbca654bc01df6dcb273aa65f04","Text Match: Reaper","https://www.virustotal.com/gui/file/56ede309384447b145596c01cab86bc041899dbca654bc01df6dcb273aa65f04"
"2026-02-02","VirusTotal (Fallback)","APT37","SHA256","1b26e949fc62c7803b7f25e7226b2ee7cf742a061746533fab43ba3e638aac50","Text Match: Reaper","https://www.virustotal.com/gui/file/1b26e949fc62c7803b7f25e7226b2ee7cf742a061746533fab43ba3e638aac50"
"2026-02-02","VirusTotal (Fallback)","APT37","SHA256","f5f75d832b5ecbb31ba2dbe3fbd8d5cfbaee71042a9dcefe6e4cfcd71dd4d0bd","Text Match: Reaper","https://www.virustotal.com/gui/file/f5f75d832b5ecbb31ba2dbe3fbd8d5cfbaee71042a9dcefe6e4cfcd71dd4d0bd"
"2026-02-02","VirusTotal (Fallback)","APT37","SHA256","02e15edc5609cb23770ea650025cdcf195488254ab370b7bb6b02a0d6cf47402","Text Match: Reaper","https://www.virustotal.com/gui/file/02e15edc5609cb23770ea650025cdcf195488254ab370b7bb6b02a0d6cf47402"
"2026-02-02","VirusTotal (Fallback)","APT37","SHA256","f210e691dc35bd503f3a72f392b7376fbc2f007da4c6573aa0c021f9252996c7","Text Match: Reaper","https://www.virustotal.com/gui/file/f210e691dc35bd503f3a72f392b7376fbc2f007da4c6573aa0c021f9252996c7"
"2026-02-02","VirusTotal (Fallback)","APT37","SHA256","4d39854e3f93bf0ae5d3ed7cf41d1268edac9536fe8a87009254eef2effc1f34","Text Match: Reaper","https://www.virustotal.com/gui/file/4d39854e3f93bf0ae5d3ed7cf41d1268edac9536fe8a87009254eef2effc1f34"
"2026-02-02","VirusTotal (Fallback)","APT37","SHA256","e5b76927d6cf0a71d5e39713d416363aa9e673ab82b6dffb188aa785f54ff453","Text Match: Reaper","https://www.virustotal.com/gui/file/e5b76927d6cf0a71d5e39713d416363aa9e673ab82b6dffb188aa785f54ff453"
"2026-02-02","VirusTotal (Fallback)","APT37","SHA256","8bb2fd639927f3e3369a19038018da6d44d72ee93e4b776d01416c45334b8269","Text Match: Reaper","https://www.virustotal.com/gui/file/8bb2fd639927f3e3369a19038018da6d44d72ee93e4b776d01416c45334b8269"
"2026-02-02","VirusTotal (Fallback)","APT37","SHA256","537d9f719c24e37e865c081f5233c8998c989d65f1647da9e789e1067c69ce81","Text Match: Reaper","https://www.virustotal.com/gui/file/537d9f719c24e37e865c081f5233c8998c989d65f1647da9e789e1067c69ce81"
"2026-02-02","VirusTotal (Fallback)","APT37","SHA256","a0c50c35685efd014f20a59a0eca2f98322d9ce43136b32517c3ef45188e891a","Text Match: Reaper","https://www.virustotal.com/gui/file/a0c50c35685efd014f20a59a0eca2f98322d9ce43136b32517c3ef45188e891a"
"2026-02-02","VirusTotal (Fallback)","APT37","SHA256","e023b40d92cc6b16cc2fe91ac99c605c27e1f27e8871495b6faef28fcfd64d74","Text Match: Reaper","https://www.virustotal.com/gui/file/e023b40d92cc6b16cc2fe91ac99c605c27e1f27e8871495b6faef28fcfd64d74"
"2026-02-02","VirusTotal (Fallback)","APT37","SHA256","77c344ad809098c200bdfb7f493341d0b6d0dcb5b7ba386ecba7b7ecda008e29","Text Match: Reaper","https://www.virustotal.com/gui/file/77c344ad809098c200bdfb7f493341d0b6d0dcb5b7ba386ecba7b7ecda008e29"
"2026-02-02","VirusTotal (Fallback)","APT37","SHA256","eb0fa92107809efd80cd5f25263544d4e675daa03a3932c6aab8b25b8ce0aba4","Text Match: Reaper","https://www.virustotal.com/gui/file/eb0fa92107809efd80cd5f25263544d4e675daa03a3932c6aab8b25b8ce0aba4"
"2026-02-02","VirusTotal (Fallback)","APT37","SHA256","1f2b579c5b61b76e6cac0f0d3a1b9e9022e6622f33649c4a1503e8b46fdd4612","Text Match: Reaper","https://www.virustotal.com/gui/file/1f2b579c5b61b76e6cac0f0d3a1b9e9022e6622f33649c4a1503e8b46fdd4612"
"2026-02-02","VirusTotal (Fallback)","APT37","SHA256","ee8f7cb740481f14a7cdf830ca8978a0c8b9ef0dfff1863b5689783108780e0d","Text Match: Reaper","https://www.virustotal.com/gui/file/ee8f7cb740481f14a7cdf830ca8978a0c8b9ef0dfff1863b5689783108780e0d"
"2026-02-02","VirusTotal (Fallback)","APT37","SHA256","0a048dac8efd33c61f78835e53a5826b94c4eaefb3fda78f169591bd07581f7d","Text Match: Reaper","https://www.virustotal.com/gui/file/0a048dac8efd33c61f78835e53a5826b94c4eaefb3fda78f169591bd07581f7d"
"2026-02-02","VirusTotal (Fallback)","APT37","SHA256","cb8e94f095547376bff67c2cb8c29ac3e2145b52eb8e02f7db0dabbb9962a835","Text Match: Reaper","https://www.virustotal.com/gui/file/cb8e94f095547376bff67c2cb8c29ac3e2145b52eb8e02f7db0dabbb9962a835"
"2026-02-02","VirusTotal (Fallback)","APT37","SHA256","a244a5d900f0f50e72c024f57c04aec39d3195e20fe7ac882a448e190b968c14","Text Match: Reaper","https://www.virustotal.com/gui/file/a244a5d900f0f50e72c024f57c04aec39d3195e20fe7ac882a448e190b968c14"
"2026-02-02","VirusTotal (Fallback)","APT37","SHA256","206e3a6a756b514757714e48aeb8014c69f4b335518dde4c3d96a89779d7c62d","Text Match: Reaper","https://www.virustotal.com/gui/file/206e3a6a756b514757714e48aeb8014c69f4b335518dde4c3d96a89779d7c62d"
"2026-02-02","VirusTotal (Fallback)","APT37","SHA256","6a17741bb0acf62e9b8cb71a87370a5d864c1b2834f12a2867b0da24e6a7e608","Text Match: Reaper","https://www.virustotal.com/gui/file/6a17741bb0acf62e9b8cb71a87370a5d864c1b2834f12a2867b0da24e6a7e608"
"2026-02-02","VirusTotal (Fallback)","APT37","SHA256","353bc4d9801c4f98935e870a1e3ad7b54e0362df244fb186490d52caed8f11ac","Text Match: Reaper","https://www.virustotal.com/gui/file/353bc4d9801c4f98935e870a1e3ad7b54e0362df244fb186490d52caed8f11ac"
"2026-02-02","VirusTotal (Fallback)","APT37","SHA256","6e24fe9ccbfc07e302652cb00ce33d17cb0a62f781c8620e30879a4c23b7685a","Text Match: Reaper","https://www.virustotal.com/gui/file/6e24fe9ccbfc07e302652cb00ce33d17cb0a62f781c8620e30879a4c23b7685a"
"2026-02-02","VirusTotal (Fallback)","APT37","SHA256","9fb3024d586f7e559a44545ee74c55ab65bb829c54c81af1acc02f6e8e5715af","Text Match: Reaper","https://www.virustotal.com/gui/file/9fb3024d586f7e559a44545ee74c55ab65bb829c54c81af1acc02f6e8e5715af"
"2026-02-02","VirusTotal (Fallback)","APT37","SHA256","2e378a2e40b980b4f499cb497ee146a4645746e444554b8a366118a8683f35b5","Text Match: Reaper","https://www.virustotal.com/gui/file/2e378a2e40b980b4f499cb497ee146a4645746e444554b8a366118a8683f35b5"
"2026-02-02","VirusTotal (Fallback)","APT37","SHA256","1dcd0a32307cc40afe6becd46ff89b46189e899dfe5dc438838808d5fc37002b","Text Match: Reaper","https://www.virustotal.com/gui/file/1dcd0a32307cc40afe6becd46ff89b46189e899dfe5dc438838808d5fc37002b"
"2026-02-02","VirusTotal (Fallback)","APT37","SHA256","6ae521b07f6811fdf3488e2f7cc3277a4be6d5c64ebf3bee59438071eabf42dd","Text Match: Reaper","https://www.virustotal.com/gui/file/6ae521b07f6811fdf3488e2f7cc3277a4be6d5c64ebf3bee59438071eabf42dd"
"2026-02-02","VirusTotal (Fallback)","APT37","SHA256","ee639e18bc5ff164c0439816396b8075a25f3571c527d047504d4dc036d362e8","Text Match: Reaper","https://www.virustotal.com/gui/file/ee639e18bc5ff164c0439816396b8075a25f3571c527d047504d4dc036d362e8"
"2026-02-02","VirusTotal (Fallback)","APT37","SHA256","935b52d462e07999cfa94925616c2ccfcc794f369d612fd5984345d83c362488","Text Match: Reaper","https://www.virustotal.com/gui/file/935b52d462e07999cfa94925616c2ccfcc794f369d612fd5984345d83c362488"
"2026-02-02","VirusTotal (Fallback)","APT37","SHA256","cf2528b78c882072cd006d2c2972034ef9eaf604b2e9285a2bdda427c83149ba","Text Match: Reaper","https://www.virustotal.com/gui/file/cf2528b78c882072cd006d2c2972034ef9eaf604b2e9285a2bdda427c83149ba"
"2026-02-02","VirusTotal (Fallback)","APT37","SHA256","bbb061411943ee9d2bc11b9345f7058d132030e92e62b41e25bd56973647d914","Text Match: Reaper","https://www.virustotal.com/gui/file/bbb061411943ee9d2bc11b9345f7058d132030e92e62b41e25bd56973647d914"
"2026-02-02","VirusTotal (Fallback)","APT37","SHA256","520bfe29dc503799b8ccbe644054e2c1217de0f2d842707539369dd4ad7df921","Text Match: Reaper","https://www.virustotal.com/gui/file/520bfe29dc503799b8ccbe644054e2c1217de0f2d842707539369dd4ad7df921"
"2026-02-02","VirusTotal (Fallback)","APT37","SHA256","f048558f0e9c45061551d07a963e78a398e41a8920742fca714e19b164ce01c0","Text Match: Reaper","https://www.virustotal.com/gui/file/f048558f0e9c45061551d07a963e78a398e41a8920742fca714e19b164ce01c0"
"2026-02-02","VirusTotal (Fallback)","APT37","SHA256","343fb2cfaac35f8c96e42979cd1b6c33ed932a8beb9829ff74f06dc48f78b8e3","Text Match: Reaper","https://www.virustotal.com/gui/file/343fb2cfaac35f8c96e42979cd1b6c33ed932a8beb9829ff74f06dc48f78b8e3"
"2026-02-02","VirusTotal (Fallback)","APT37","SHA256","525723d1ab803bed62ccc001377518ebe587173de80c74fda3a6f50b9f1d4661","Text Match: Reaper","https://www.virustotal.com/gui/file/525723d1ab803bed62ccc001377518ebe587173de80c74fda3a6f50b9f1d4661"
"2026-02-02","VirusTotal (Fallback)","APT37","SHA256","290c12eaffacf3064da94bbdfdc3508a4f69044491851d420a3a764f51737cd5","Text Match: Reaper","https://www.virustotal.com/gui/file/290c12eaffacf3064da94bbdfdc3508a4f69044491851d420a3a764f51737cd5"
"2026-02-02","VirusTotal (Fallback)","APT37","SHA256","878c6f1d86c0d3ec5ddcc4d6142ce3855642cd63f8de5305c379d659e70e9578","Text Match: Reaper","https://www.virustotal.com/gui/file/878c6f1d86c0d3ec5ddcc4d6142ce3855642cd63f8de5305c379d659e70e9578"
"2026-02-02","VirusTotal (Fallback)","APT37","SHA256","1565eaa19c1a9963cc757dece272a243a80df2c2efe32cbbf021e9328c012db8","Text Match: Reaper","https://www.virustotal.com/gui/file/1565eaa19c1a9963cc757dece272a243a80df2c2efe32cbbf021e9328c012db8"
"2026-02-02","VirusTotal (Fallback)","APT37","SHA256","113a2593913982bd6ee0ecd3a3efea046588741b3eb2a0f9298b54000623883f","Text Match: Reaper","https://www.virustotal.com/gui/file/113a2593913982bd6ee0ecd3a3efea046588741b3eb2a0f9298b54000623883f"
"2026-02-02","VirusTotal (Fallback)","APT37","SHA256","873e7152dfa4a76b5501c85195492336a891aa7d3e2373023fc9eb448f092163","Text Match: Reaper","https://www.virustotal.com/gui/file/873e7152dfa4a76b5501c85195492336a891aa7d3e2373023fc9eb448f092163"
"2026-02-02","VirusTotal (Fallback)","APT37","SHA256","6443aaf31267103c91a19483c1b4e78e47c4a72142d9c2845815fdf3efbfad34","Text Match: Reaper","https://www.virustotal.com/gui/file/6443aaf31267103c91a19483c1b4e78e47c4a72142d9c2845815fdf3efbfad34"
"2026-02-02","VirusTotal (Fallback)","APT37","SHA256","8a9333754dc00906e11a438920983f983b66dbb3ec015622ff789424bc0fef0d","Text Match: Reaper","https://www.virustotal.com/gui/file/8a9333754dc00906e11a438920983f983b66dbb3ec015622ff789424bc0fef0d"
"2026-02-02","VirusTotal (Fallback)","APT37","SHA256","cbbc60f226659cae615fb3e0d2b4d5653689fed8ca18ca8abe81f2fe2378f743","Text Match: Reaper","https://www.virustotal.com/gui/file/cbbc60f226659cae615fb3e0d2b4d5653689fed8ca18ca8abe81f2fe2378f743"
"2026-02-02","VirusTotal (Fallback)","APT37","SHA256","72e91f1b6501ab820a5812d756e3fcc67e5cffd17a39611d7b3c95c129bfa72b","Text Match: Reaper","https://www.virustotal.com/gui/file/72e91f1b6501ab820a5812d756e3fcc67e5cffd17a39611d7b3c95c129bfa72b"
"2026-02-02","VirusTotal (Fallback)","APT37","SHA256","82e9465a37c8907a3dc9402a894b6d43783c2be0ee08744a8883c27136731858","Text Match: Reaper","https://www.virustotal.com/gui/file/82e9465a37c8907a3dc9402a894b6d43783c2be0ee08744a8883c27136731858"
"2026-02-02","VirusTotal (Fallback)","APT37","SHA256","e7c56499005eeeb7f61fb4b3e5357a8bdcbae49da4a2300131b498069ba5dc83","Text Match: Reaper","https://www.virustotal.com/gui/file/e7c56499005eeeb7f61fb4b3e5357a8bdcbae49da4a2300131b498069ba5dc83"
"2026-02-02","VirusTotal (Fallback)","APT37","SHA256","411487fe9adddbde2119eb443df931190fea440a3df0f4fc5d165945ebf9344d","Text Match: Reaper","https://www.virustotal.com/gui/file/411487fe9adddbde2119eb443df931190fea440a3df0f4fc5d165945ebf9344d"
"2026-02-02","VirusTotal (Fallback)","APT37","SHA256","25394e00ac3d89af4653d0e1932e6b14e434a5cd8e9ca6bd779df4b6a7b5d039","Text Match: Reaper","https://www.virustotal.com/gui/file/25394e00ac3d89af4653d0e1932e6b14e434a5cd8e9ca6bd779df4b6a7b5d039"
"2026-02-02","VirusTotal (Fallback)","APT37","SHA256","78a5f31b560691f4256bacfbc5d58bc54ddd08cebad433779dbef27a7283d87d","Text Match: Reaper","https://www.virustotal.com/gui/file/78a5f31b560691f4256bacfbc5d58bc54ddd08cebad433779dbef27a7283d87d"
"2026-02-02","VirusTotal (Fallback)","APT37","SHA256","a24c06caa28c2fd2a81b4162076cc3161d67860d1eec7e6c552cac6067b24e19","Text Match: Reaper","https://www.virustotal.com/gui/file/a24c06caa28c2fd2a81b4162076cc3161d67860d1eec7e6c552cac6067b24e19"
"2026-02-02","VirusTotal (Fallback)","APT37","SHA256","1f2f14690d089a28bb002182bdf937379af6c468e68912e5af0602b296cdf719","Text Match: Reaper","https://www.virustotal.com/gui/file/1f2f14690d089a28bb002182bdf937379af6c468e68912e5af0602b296cdf719"
"2026-02-02","VirusTotal (Fallback)","APT37","SHA256","be7583b3f0fc952d45c29ddd1e3652baee901fdb9926b97e8bb2c9cd8e3a0bf2","Text Match: Reaper","https://www.virustotal.com/gui/file/be7583b3f0fc952d45c29ddd1e3652baee901fdb9926b97e8bb2c9cd8e3a0bf2"
"2026-02-02","VirusTotal (Fallback)","APT37","SHA256","83e1e078d8fb11e18af43961a95690ec1b528318e01d22b73b7945631f9f74e3","Text Match: Reaper","https://www.virustotal.com/gui/file/83e1e078d8fb11e18af43961a95690ec1b528318e01d22b73b7945631f9f74e3"
"2026-02-02","VirusTotal (Fallback)","APT37","SHA256","2e615d3c8c92331494f498f1651538aeedbc78137ca9ea85b545bd90feb35088","Text Match: Reaper","https://www.virustotal.com/gui/file/2e615d3c8c92331494f498f1651538aeedbc78137ca9ea85b545bd90feb35088"
"2026-02-02","VirusTotal (Fallback)","APT37","SHA256","14568acfdd7abc173717c45ad7ec0205433e8d085326d448900d7c9ee1e38efc","Text Match: Reaper","https://www.virustotal.com/gui/file/14568acfdd7abc173717c45ad7ec0205433e8d085326d448900d7c9ee1e38efc"
"2026-02-02","VirusTotal (Fallback)","APT37","SHA256","726ce4ecd2f51d3433dad22e9e2cf7b7be84909813988d3f0cc0ba71beb506d2","Text Match: Reaper","https://www.virustotal.com/gui/file/726ce4ecd2f51d3433dad22e9e2cf7b7be84909813988d3f0cc0ba71beb506d2"
"2026-02-02","VirusTotal (Fallback)","APT37","SHA256","355d88c594dd63204f46b1e9c18c412942d0f8d4140f301e6db187128187e100","Text Match: Reaper","https://www.virustotal.com/gui/file/355d88c594dd63204f46b1e9c18c412942d0f8d4140f301e6db187128187e100"
"2026-02-02","VirusTotal (Fallback)","APT37","SHA256","7ef24878b4e3d86298cbfe2c5cd9886af6f69b60a97b0446eca70c3db2d605b2","Text Match: Reaper","https://www.virustotal.com/gui/file/7ef24878b4e3d86298cbfe2c5cd9886af6f69b60a97b0446eca70c3db2d605b2"
"2026-02-02","VirusTotal (Fallback)","APT37","SHA256","e5d6afcf8f70c034cf1b5f713f88def11f0f51c499308e717dbe9294ed9a2d1c","Text Match: Reaper","https://www.virustotal.com/gui/file/e5d6afcf8f70c034cf1b5f713f88def11f0f51c499308e717dbe9294ed9a2d1c"
"2026-02-02","VirusTotal (Fallback)","APT37","SHA256","4488fbf8b4b5e316c28bac1c9d91183ee582a51545fc8dc38e0396131b10690e","Text Match: Reaper","https://www.virustotal.com/gui/file/4488fbf8b4b5e316c28bac1c9d91183ee582a51545fc8dc38e0396131b10690e"
"2026-02-02","VirusTotal (Fallback)","APT37","SHA256","5e0d3189c9f369849fa2e73e8ace6f0ed06c4efa319cdd8d08d221a4c8a84472","Text Match: Reaper","https://www.virustotal.com/gui/file/5e0d3189c9f369849fa2e73e8ace6f0ed06c4efa319cdd8d08d221a4c8a84472"
"2026-01-31","VirusTotal (Fallback)","APT37","SHA256","f7884e47bcff0493ef12da80e58dfe854adead3ced4c4560d802f0f2800fea06","Text Match: ScarCruft","https://www.virustotal.com/gui/file/f7884e47bcff0493ef12da80e58dfe854adead3ced4c4560d802f0f2800fea06"
"2026-01-31","VirusTotal (Fallback)","APT37","SHA256","e2c149c39afca15c2c55a8074dfa9adbf8ea353f29ccaef8c24364118d308e87","Text Match: ScarCruft","https://www.virustotal.com/gui/file/e2c149c39afca15c2c55a8074dfa9adbf8ea353f29ccaef8c24364118d308e87"
"2026-01-31","VirusTotal (Fallback)","APT37","SHA256","3c0bb5582aa4b7201c524ed65e5193bc0fe720b09ef70bf9585c08c2092290e3","Text Match: ScarCruft","https://www.virustotal.com/gui/file/3c0bb5582aa4b7201c524ed65e5193bc0fe720b09ef70bf9585c08c2092290e3"
"2026-01-31","VirusTotal (Fallback)","APT37","SHA256","61991a9d69714408bd975dea2704c88a2f8b9efebb7e4a0e1f2f9c572301ca75","Text Match: ScarCruft","https://www.virustotal.com/gui/file/61991a9d69714408bd975dea2704c88a2f8b9efebb7e4a0e1f2f9c572301ca75"
"2026-01-31","VirusTotal (Fallback)","APT37","SHA256","a869f0c4bdb798484b356688ca2460dcaeb0cd8549e840248f943e2cc46134ea","Text Match: ScarCruft","https://www.virustotal.com/gui/file/a869f0c4bdb798484b356688ca2460dcaeb0cd8549e840248f943e2cc46134ea"
"2026-01-21T21:46:28Z","Cybersixgill","APT37","Hash","1f23f452093b5c1ff091a2f9fb4fa3e9","Confidence: 60","N/A"
"2026-01-21","VirusTotal (Fallback)","APT37","SHA256","d529753559c4504f2fc529d13c074b36e296614a2744f7b893c7483a9018d4de","Text Match: ScarCruft","https://www.virustotal.com/gui/file/d529753559c4504f2fc529d13c074b36e296614a2744f7b893c7483a9018d4de"
"2026-01-16","VirusTotal (Fallback)","APT37","SHA256","1b03ead0b1ef69ae35cb56810c5660bec13ae9980254d307880e874e5640b85e","Text Match: ScarCruft","https://www.virustotal.com/gui/file/1b03ead0b1ef69ae35cb56810c5660bec13ae9980254d307880e874e5640b85e"
"2026-01-16","VirusTotal (Fallback)","APT37","SHA256","f068c8717f183bdd62e0e6746544b5c3d4e4d2b9824126bfd6bffc859ddeab8b","Text Match: ScarCruft","https://www.virustotal.com/gui/file/f068c8717f183bdd62e0e6746544b5c3d4e4d2b9824126bfd6bffc859ddeab8b"
"2026-01-09","VirusTotal (Fallback)","APT37","SHA256","e2f3d949fa962122f153f7a92f030b8edfe2dae917dcec3115f34ea99802fff6","Text Match: ScarCruft","https://www.virustotal.com/gui/file/e2f3d949fa962122f153f7a92f030b8edfe2dae917dcec3115f34ea99802fff6"
"2026-01-06","VirusTotal (Fallback)","APT37","SHA256","b9e02a58b4053e83724e25b068084a33cda16869cae166ddeb2c6d2652ae3451","Text Match: ScarCruft","https://www.virustotal.com/gui/file/b9e02a58b4053e83724e25b068084a33cda16869cae166ddeb2c6d2652ae3451"
"2026-01-05T12:53:56Z","Cybersixgill","APT37","Hash","2a4062e10a5de813f5688221dbeb3f3ff33eb417","Confidence: 90","N/A"
"2026-01-05T12:53:56Z","Cybersixgill","APT37","Hash","237d1bca6e056df5bb16a1216a434634109478f882d3b1d58344c801d184f95d","Confidence: 90","N/A"
"2026-01-05T12:53:56Z","Cybersixgill","APT37","Hash","c56b5f0201a3b3de53e561fe76912bfd","Confidence: 90","N/A"
"2025-12-28","VirusTotal (Fallback)","APT37","SHA256","1f1d305295dd82bca7c9dbea0704e8922ca115141d5766688d29694436938510","Text Match: ScarCruft","https://www.virustotal.com/gui/file/1f1d305295dd82bca7c9dbea0704e8922ca115141d5766688d29694436938510"
"2025-12-24","VirusTotal (Fallback)","APT37","SHA256","d47d8b6fd4510e770eb96e0e8341052ba7760d800250be91e6c2eb7acc852261","Text Match: ScarCruft","https://www.virustotal.com/gui/file/d47d8b6fd4510e770eb96e0e8341052ba7760d800250be91e6c2eb7acc852261"
"2025-12-17","VirusTotal (Fallback)","APT37","SHA256","e1aeb924482057a593099ca9bfae7b00f81c732d3086def59a74ec94a3f8e46f","Text Match: ScarCruft","https://www.virustotal.com/gui/file/e1aeb924482057a593099ca9bfae7b00f81c732d3086def59a74ec94a3f8e46f"
"2025-12-16","VirusTotal (Fallback)","APT37","SHA256","64737c070dcdb4e1f12c47f2445a079eff12e4e203b8a1f49717a95ba4b0f38a","Text Match: ScarCruft","https://www.virustotal.com/gui/file/64737c070dcdb4e1f12c47f2445a079eff12e4e203b8a1f49717a95ba4b0f38a"
"2025-12-15","VirusTotal (Fallback)","APT37","SHA256","6e27843d72ebe2754d472178cd7c9fda1dc8cb220911fa5266661a5fbae3797d","Text Match: ScarCruft","https://www.virustotal.com/gui/file/6e27843d72ebe2754d472178cd7c9fda1dc8cb220911fa5266661a5fbae3797d"
"2025-12-08T03:06:23Z","Cybersixgill","APT37","Hash","738a31e7a0d96fe1b0ad6778db39425160835a80ac33ce8a84f26b71c00c26b9","Confidence: 90","N/A"
"2025-12-08T03:06:23Z","Cybersixgill","APT37","Hash","7967156e138a66f3ee1bfce81836d8d0","Confidence: 90","N/A"
"2025-12-08T03:06:23Z","Cybersixgill","APT37","Hash","9cb9b595177529d4e1bad577fa618d3fff5fa894","Confidence: 90","N/A"
"2025-12-07","VirusTotal (Fallback)","APT37","SHA256","2d31cb8c7fa4428964ce035faede135a1aff1b17fe97e16c4cb47e2b04b55315","Text Match: ScarCruft","https://www.virustotal.com/gui/file/2d31cb8c7fa4428964ce035faede135a1aff1b17fe97e16c4cb47e2b04b55315"
"2025-12-07","VirusTotal (Fallback)","APT37","SHA256","98bf882d37062b2930d6d25d28b92dc58919f79e64c04602ab702b14711ab1f1","Text Match: ScarCruft","https://www.virustotal.com/gui/file/98bf882d37062b2930d6d25d28b92dc58919f79e64c04602ab702b14711ab1f1"
"2025-12-07","VirusTotal (Fallback)","APT37","SHA256","124c609bfbd2396da48cfa4ccde56b7c4842f6fa30a0f7764f4c300a8d228a7c","Text Match: ScarCruft","https://www.virustotal.com/gui/file/124c609bfbd2396da48cfa4ccde56b7c4842f6fa30a0f7764f4c300a8d228a7c"
"2025-12-07","VirusTotal (Fallback)","APT37","SHA256","0d7f8d004c72d6f8e132a5770ce43f24c49aa755c48f9d8ef3fa4029627bd9b4","Text Match: ScarCruft","https://www.virustotal.com/gui/file/0d7f8d004c72d6f8e132a5770ce43f24c49aa755c48f9d8ef3fa4029627bd9b4"
"2025-12-07","VirusTotal (Fallback)","APT37","SHA256","13e9b63cca5b96998f721ad3f5ca253ca81359a6040aedff6f4f34a0118b494c","Text Match: ScarCruft","https://www.virustotal.com/gui/file/13e9b63cca5b96998f721ad3f5ca253ca81359a6040aedff6f4f34a0118b494c"
"2025-12-07","VirusTotal (Fallback)","APT37","SHA256","9304446c7e3948a8898fa3d168075dd8455cda3c50abc52754ad56a72e5545bd","Text Match: ScarCruft","https://www.virustotal.com/gui/file/9304446c7e3948a8898fa3d168075dd8455cda3c50abc52754ad56a72e5545bd"
"2025-12-04","VirusTotal (Fallback)","APT37","SHA256","6f6910c0ddca6acd81d2101e37613cbd97e430e6087005fad638be241bde63dd","Text Match: ScarCruft","https://www.virustotal.com/gui/file/6f6910c0ddca6acd81d2101e37613cbd97e430e6087005fad638be241bde63dd"
"2025-12-04","VirusTotal (Fallback)","APT37","SHA256","fbe4a9b4bf0c56651dbbc01e0ba3b1df7db3f41903222931ee1b1079443775ea","Text Match: ScarCruft","https://www.virustotal.com/gui/file/fbe4a9b4bf0c56651dbbc01e0ba3b1df7db3f41903222931ee1b1079443775ea"
"2025-12-04","VirusTotal (Fallback)","APT37","SHA256","23aa78dee06dac1ff8aebfa590b33935c93988da99db89f07c59ecc25fd5ab3e","Text Match: ScarCruft","https://www.virustotal.com/gui/file/23aa78dee06dac1ff8aebfa590b33935c93988da99db89f07c59ecc25fd5ab3e"
"2025-12-04","VirusTotal (Fallback)","APT37","SHA256","2493b6aedde448d7e340f0c6a94e239a6c703bdd25c37e3059b8d2f886ae05cb","Text Match: ScarCruft","https://www.virustotal.com/gui/file/2493b6aedde448d7e340f0c6a94e239a6c703bdd25c37e3059b8d2f886ae05cb"
"2025-11-28","VirusTotal (Fallback)","APT37","SHA256","388427ea9d2f714fe515d77bf876c465737e5838c9c729b7fc1ec2fb0382fde0","Text Match: ScarCruft","https://www.virustotal.com/gui/file/388427ea9d2f714fe515d77bf876c465737e5838c9c729b7fc1ec2fb0382fde0"
"2025-11-17","VirusTotal (Fallback)","APT37","SHA256","7fcf051d70a9b25c0fc5d67249b068fc6cf0094f521a450891b3f0deccae7c26","Text Match: ScarCruft","https://www.virustotal.com/gui/file/7fcf051d70a9b25c0fc5d67249b068fc6cf0094f521a450891b3f0deccae7c26"
"2025-11-05","VirusTotal (Fallback)","APT37","SHA256","9ca7cc7e9fface19ac60642868d518b0a41f7f3139a9c68b3fb17d7e93e0188a","Text Match: ScarCruft","https://www.virustotal.com/gui/file/9ca7cc7e9fface19ac60642868d518b0a41f7f3139a9c68b3fb17d7e93e0188a"
"2025-11-01","VirusTotal (Fallback)","APT37","SHA256","647dbcaf92770ee8a77d99fd8ae405e51ec17e5c7cda54a9288101dffa1f54ee","Text Match: ScarCruft","https://www.virustotal.com/gui/file/647dbcaf92770ee8a77d99fd8ae405e51ec17e5c7cda54a9288101dffa1f54ee"
"2025-11-01","VirusTotal (Fallback)","APT37","SHA256","80401819820a06bb434459e27b355836126665f711ddbf38fe506411974c50e4","Text Match: ScarCruft","https://www.virustotal.com/gui/file/80401819820a06bb434459e27b355836126665f711ddbf38fe506411974c50e4"
"2025-10-07T05:44:33Z","Cybersixgill","APT37","Hash","02e319af73a33547343b71d5cb1064bc","Confidence: 60","N/A"
"2025-09-28T11:21:47Z","Cybersixgill","APT37","Hash","c039362e891b01040c20e75e16b02169c512aebd","Confidence: 75","N/A"
"2025-09-27T02:33:39Z","Cybersixgill","APT37","Hash","afb77617a4ca637614c429440c78da438e190dd1ca24dc78483aa731d80832c2","Confidence: 75","N/A"
"2025-09-15T20:34:41Z","Cybersixgill","APT37","Hash","77a70e87429c4e552649235a9a2cf11a","Confidence: 70","N/A"
"2025-09-15T20:34:26Z","Cybersixgill","APT37","Hash","3d6b999d65c775c1d27c8efa615ee520","Confidence: 70","N/A"
"2025-09-15T20:32:45Z","Cybersixgill","APT37","Hash","04b5e068e6f0079c2c205a42df8a3a84","Confidence: 70","N/A"
"2025-09-15T11:30:34Z","Cybersixgill","APT37","Hash","443a00feeb3beaea02b2fbcd4302a3c9","Confidence: 82","N/A"
"2025-09-15T11:30:34Z","Cybersixgill","APT37","Hash","ccb6ca4cb385db50dad2e3b7c68a90ddee62398edb0fd41afdb793287cfbe8e6","Confidence: 82","N/A"
"2025-09-15T11:30:34Z","Cybersixgill","APT37","Hash","65f79b9fa476e9aafec16a7995b39c72d4c5e341","Confidence: 82","N/A"
"2025-09-10T09:03:02Z","Cybersixgill","APT37","Hash","d2b34b8bfafd6b17b1cf931bb3fdd3db","Confidence: 70","N/A"
"2025-09-10T09:02:50Z","Cybersixgill","APT37","Hash","89986806a298ffd6367cf43f36136311","Confidence: 70","N/A"
"2025-09-10T09:01:32Z","Cybersixgill","APT37","Hash","4caa44930e5587a0c9914bda9d240acc","Confidence: 70","N/A"
"2025-09-10T03:59:45Z","Cybersixgill","APT37","Hash","fcb5f102a289233f0c176d9ee27db81287f50159","Confidence: 75","N/A"
"2025-09-10T03:54:45Z","Cybersixgill","APT37","Hash","c09bedb49199b09bcb362ba5dadcd22a","Confidence: 90","N/A"
"2025-09-10T03:54:30Z","Cybersixgill","APT37","Hash","c09939e972432968976efc22f556bd0f","Confidence: 90","N/A"
"2025-09-10T03:54:15Z","Cybersixgill","APT37","Hash","bf478b6b500c53e05741e3955630182f","Confidence: 90","N/A"
"2025-09-10T03:54:00Z","Cybersixgill","APT37","Hash","aa84bdaf877d70c744ce1982395ad37c","Confidence: 90","N/A"
"2025-09-10T03:53:31Z","Cybersixgill","APT37","Hash","a2aeb5298413c2be9338084060db3428","Confidence: 90","N/A"
"2025-09-10T03:53:16Z","Cybersixgill","APT37","Hash","a13fb4e11b31d109a1b145f20ea4b929","Confidence: 90","N/A"
"2025-09-10T03:52:24Z","Cybersixgill","APT37","Hash","8d7141882a95be5dcfa8ce90d7079541","Confidence: 90","N/A"
"2025-09-10T03:52:10Z","Cybersixgill","APT37","Hash","89d1888d36ff615adf46c317c606905e","Confidence: 90","N/A"
"2025-09-10T03:51:55Z","Cybersixgill","APT37","Hash","8591125c0a95f8c1b1e179901f685fa3","Confidence: 90","N/A"
"2025-09-10T03:51:42Z","Cybersixgill","APT37","Hash","7cba0c911b74d889f05f8b954926aa67","Confidence: 90","N/A"
"2025-09-10T03:51:29Z","Cybersixgill","APT37","Hash","73715c82e31702f56858226557f98444","Confidence: 90","N/A"
"2025-09-10T03:51:14Z","Cybersixgill","APT37","Hash","7058661c3f944f868e5a47c4440daa9b","Confidence: 90","N/A"
"2025-09-10T03:50:43Z","Cybersixgill","APT37","Hash","68603ba44b58f4586deeb571cf103e0c","Confidence: 90","N/A"
"2025-09-10T03:50:28Z","Cybersixgill","APT37","Hash","684a61eedb2ec26d663c3d42a107f281","Confidence: 90","N/A"
"2025-09-10T03:50:13Z","Cybersixgill","APT37","Hash","624567dae70fc684b2a80b5f0f1de46d","Confidence: 90","N/A"
"2025-09-10T03:49:57Z","Cybersixgill","APT37","Hash","5e2e5b71503adedf786bc69f3849750f","Confidence: 90","N/A"
"2025-09-10T03:49:15Z","Cybersixgill","APT37","Hash","211b412fe5c4b207eb39384499b93342","Confidence: 90","N/A"
"2025-09-10T03:48:33Z","Cybersixgill","APT37","Hash","012f0dd04c9c810c14cdde08cfbca3c5","Confidence: 90","N/A"
"2025-09-10T03:48:18Z","Cybersixgill","APT37","Hash","0012f5bfe97421d39751eb20d857ae09","Confidence: 90","N/A"
"2025-09-10T03:47:16Z","Cybersixgill","APT37","Hash","f7a73eaf15ee8d8f3257a359af5987eb","Confidence: 90","N/A"
"2025-09-10T03:46:34Z","Cybersixgill","APT37","Hash","d49ef08710c9397d6f6326c8dcbf5f4e","Confidence: 90","N/A"
"2025-09-10T03:46:11Z","Cybersixgill","APT37","Hash","cac2d25c8e173c896eff0dd85f09c898","Confidence: 90","N/A"
"2025-09-10T03:45:44Z","Cybersixgill","APT37","Hash","c0d25429f924016765711cd860fd03f9","Confidence: 90","N/A"
"2025-09-10T03:45:29Z","Cybersixgill","APT37","Hash","bca3f0b4a5a1cbcd3efa1ca0df7f0d4b","Confidence: 90","N/A"
"2025-09-10T03:45:14Z","Cybersixgill","APT37","Hash","b8addd3c9e0c7f1ed8d4aafcb582e755","Confidence: 90","N/A"
"2025-09-10T03:44:44Z","Cybersixgill","APT37","Hash","b7b1095620b8629c73191d5c05afc446","Confidence: 90","N/A"
"2025-09-10T03:44:16Z","Cybersixgill","APT37","Hash","b4adb4fede9025f6dd85faac072a02e7","Confidence: 90","N/A"
"2025-09-10T03:44:02Z","Cybersixgill","APT37","Hash","af89179ef2c8365ca413fed8553159fa","Confidence: 90","N/A"
"2025-09-10T03:43:33Z","Cybersixgill","APT37","Hash","a6b30fc17d6ff9aa84fb93c3f05a4171","Confidence: 90","N/A"
"2025-09-10T03:43:17Z","Cybersixgill","APT37","Hash","a4706737645582e1b5f71a462dd01140","Confidence: 90","N/A"
"2025-09-10T03:42:48Z","Cybersixgill","APT37","Hash","9bf4576a1381c15c08060ca6cfd59949","Confidence: 90","N/A"
"2025-09-10T03:42:32Z","Cybersixgill","APT37","Hash","92974d1677fa840fcc3d6599df86d38f","Confidence: 90","N/A"
"2025-09-10T03:42:18Z","Cybersixgill","APT37","Hash","914521cb6b4846b2c0e85588d5224ba2","Confidence: 90","N/A"
"2025-09-10T03:41:36Z","Cybersixgill","APT37","Hash","808fda00b7aa114182ba0ad9668ad4fb","Confidence: 90","N/A"
"2025-09-10T03:41:20Z","Cybersixgill","APT37","Hash","7b29312a0f8d9a7d2354843f7c9c21ea","Confidence: 90","N/A"
"2025-09-10T03:40:22Z","Cybersixgill","APT37","Hash","5f2dcb1e51c8d574f43c8f7c7f84d9fa","Confidence: 90","N/A"
"2025-09-10T03:40:09Z","Cybersixgill","APT37","Hash","561b29a5650ff7fe6e63fa19c29ee240","Confidence: 90","N/A"
"2025-09-10T03:39:00Z","Cybersixgill","APT37","Hash","2cf2805529ebc68884979e582e12cf8d","Confidence: 90","N/A"
"2025-09-10T03:38:31Z","Cybersixgill","APT37","Hash","2a982b843cf92081fc4202e11a1f7234","Confidence: 90","N/A"
"2025-09-10T03:38:16Z","Cybersixgill","APT37","Hash","19dabc553ee3c3bcd166411365e2dd56","Confidence: 90","N/A"
"2025-09-10T03:37:47Z","Cybersixgill","APT37","Hash","0bf993c36aac528135749ec494f96e96","Confidence: 90","N/A"
"2025-09-10T03:37:19Z","Cybersixgill","APT37","Hash","093ad28a08314e8fe79c26828137ab0a","Confidence: 90","N/A"
"2025-09-10T03:18:04Z","Cybersixgill","APT37","Hash","f379c057ed874817f9f654cb1ad6b122e621fac5","Confidence: 75","N/A"
"2025-09-10T02:59:03Z","Cybersixgill","APT37","Hash","ee16c46a725a000ba82bfd21286bed3a1492e022","Confidence: 75","N/A"
"2025-09-10T02:24:40Z","Cybersixgill","APT37","Hash","670d4251e9c2438f70796dde747febe45aae1e19","Confidence: 87","N/A"
"2025-09-10T02:24:01Z","Cybersixgill","APT37","Hash","c4318707fabd8a008bb4ec6e8336a59397909bde","Confidence: 75","N/A"
"2025-09-09T22:01:47Z","Cybersixgill","APT37","Hash","b0d2bc05e164638f75726b4b47df62f23593b165","Confidence: 75","N/A"
"2025-09-09T22:00:35Z","Cybersixgill","APT37","Hash","4ddbd058384c7a3ac975ed42bf9f4fc20e53c7a6","Confidence: 60","N/A"
"2025-09-09T21:58:14Z","Cybersixgill","APT37","Hash","7624abc66d0cf585ae52f1dd95c4be432ffc6234","Confidence: 75","N/A"
"2025-09-09T21:56:29Z","Cybersixgill","APT37","Hash","9119dd807ea2d3286466a4dd3fd581d625bae94c","Confidence: 75","N/A"
"2025-09-09T21:53:59Z","Cybersixgill","APT37","Hash","ecf80d60066237d20d0ac11493df5994e8db5755","Confidence: 60","N/A"
"2025-09-09T21:53:04Z","Cybersixgill","APT37","Hash","ca6f94eaf3baddc239698c8dfd8110b4b893e688","Confidence: 60","N/A"
"2025-09-09T21:50:04Z","Cybersixgill","APT37","Hash","3916449c7be7bc78c1fd711f872f0afa844f8f44","Confidence: 60","N/A"
"2025-09-09T21:48:54Z","Cybersixgill","APT37","Hash","0e2f3e2e0dff587da80f06634337060b17c11e9f","Confidence: 60","N/A"
"2025-09-09T21:47:37Z","Cybersixgill","APT37","Hash","d87b95ffdde89d5302d006e5f1c89db960e34f08","Confidence: 60","N/A"
"2025-09-08T16:30:02Z","Cybersixgill","APT37","Hash","b9900bef33c6cc9911a5cd7eeda8e093","Confidence: 87","N/A"
"2025-09-08T16:30:02Z","Cybersixgill","APT37","Hash","b91bc5bc74dc056c1286dcbc8f41c09b19e52450b62857d36f454cedab860c55","Confidence: 87","N/A"
"2025-09-08T11:33:09Z","Cybersixgill","APT37","Hash","90bf1f20f962d04f8ae3f936d0f9046da28a75fa2fb37f267ff0453f272c60a0","Confidence: 82","N/A"
"2025-09-08T11:33:09Z","Cybersixgill","APT37","Hash","543e3b4b74257c3ffcd45dcdd8c842489a82bc07","Confidence: 82","N/A"
"2025-09-08T11:33:09Z","Cybersixgill","APT37","Hash","f6d72abf9ca654a20bbaf23ea1c10a55","Confidence: 82","N/A"
"2025-09-08T09:33:18Z","Cybersixgill","APT37","Hash","c676c779990a6265786ca61ce121dbe7","Confidence: 75","N/A"
"2025-09-08T09:33:18Z","Cybersixgill","APT37","Hash","ec52395aef59706866cf2501908a82cb","Confidence: 75","N/A"
"2025-09-08T09:33:18Z","Cybersixgill","APT37","Hash","44ddabf5b5d601077936a130a2863a96d2af1c8e","Confidence: 75","N/A"
"2025-09-08T09:33:18Z","Cybersixgill","APT37","Hash","4a8bfa28d46ae14e45a50e105e2d34f850ffa96c","Confidence: 75","N/A"
"2025-09-08T09:33:18Z","Cybersixgill","APT37","Hash","24042a8eea9b9c20af1f7bae00296b44968a068f","Confidence: 75","N/A"
"2025-09-08T09:33:18Z","Cybersixgill","APT37","Hash","b817f6b5f0f1cabe6194bea457bdc372","Confidence: 75","N/A"
"2025-09-08T09:33:18Z","Cybersixgill","APT37","Hash","db640a3823667682c6b2ea580ee158de96e198224b37db2bf9faacb3c39cf06f","Confidence: 75","N/A"
"2025-09-08T09:33:18Z","Cybersixgill","APT37","Hash","f08d3e3f335a9bb379cb35c1972c3a90257c7238cb8f71156a851093171ad8f9","Confidence: 75","N/A"
"2025-09-08T09:33:18Z","Cybersixgill","APT37","Hash","2067d016d21aeda575208e9d262101840c27cd41a889e9b64313f9a4af51c9bc","Confidence: 75","N/A"
"2025-09-08T05:34:23Z","Cybersixgill","APT37","Hash","e980c9bf41330d1e5bd04556db4646a0210f7409","Confidence: 75","N/A"
"2025-08-28","VirusTotal (Fallback)","APT37","SHA256","dc1959ae78a481e3ad122070538107d9ffd3fba50d7468ce4e7adb4e46430df2","Text Match: ScarCruft","https://www.virustotal.com/gui/file/dc1959ae78a481e3ad122070538107d9ffd3fba50d7468ce4e7adb4e46430df2"
"2025-07-29T18:14:15Z","Cybersixgill","APT37","Hash","b81513f0f8d3db382bb8f931bf2b7a0d4f26f74cfcf60b5d889de87ef2f1d543","Confidence: 80","N/A"
"2025-07-19T14:40:05Z","Cybersixgill","APT37","Hash","58adb6b87a3873f20d56a10ccde457469adb5203f3108786c3631e0da555b917","Confidence: 70","N/A"
"2025-06-19T20:24:18Z","Cybersixgill","APT37","Hash","b42a47fc422868e0f1df99ee3b9cbb21","Confidence: 60","N/A"
"2025-06-19T20:23:45Z","Cybersixgill","APT37","Hash","1fcfea1ed7f0da272d37eff49371fcf0","Confidence: 60","N/A"
"2025-06-19T20:13:03Z","Cybersixgill","APT37","Hash","32dd9146310f45cfe402900be5cb0fe7","Confidence: 60","N/A"
"2025-06-19T20:12:48Z","Cybersixgill","APT37","Hash","1d736803cb8fbb910dc0150087530de7","Confidence: 60","N/A"
"2025-06-18T13:13:06Z","Cybersixgill","APT37","Hash","d0a63e059ed2c921c37c83246cdf4de0c8bc462b7c1d4b4ecd23a24196be7dd7","Confidence: 75","N/A"
"2025-06-18T01:48:24Z","Cybersixgill","APT37","Hash","047f63f0b46ab7dac75f7d7445d0da30e98a81342e9f7d074069c112ae534a9b","Confidence: 60","N/A"
"2025-06-18T01:47:53Z","Cybersixgill","APT37","Hash","04b112549985b0a16b47f01175a15530d678ba6fa6b1fe23391b6e98da840f47","Confidence: 60","N/A"
"2025-06-18T01:45:43Z","Cybersixgill","APT37","Hash","0c58b481384a2fbb63856f419cf69e145fdba6affedb02987fc6cd8ab87588e9","Confidence: 60","N/A"
"2025-06-16T22:45:02Z","Cybersixgill","APT37","Hash","ec4f3a921da4b2f760ae8212d7dfa9e6f82dabc9","Confidence: 75","N/A"
"2025-06-08T08:26:40Z","Cybersixgill","APT37","Hash","5aeb775b0ea1de9e2e74e12e1b71df8cf459733d","Confidence: 90","N/A"
"2025-06-07T11:51:27Z","Cybersixgill","APT37","Hash","ee890d42d22257205001cd9586bfa7d2","Confidence: 75","N/A"
"2025-06-07T11:51:27Z","Cybersixgill","APT37","Hash","719082b1e5c0d18cc0283e537215b53a864857ac936a0c7d3ddbaf7c7944cf79","Confidence: 75","N/A"
"2025-06-07T11:51:27Z","Cybersixgill","APT37","Hash","28084e8a599c414b0060b895dc4a5e4dda732e03","Confidence: 75","N/A"
"2025-06-07T11:49:24Z","Cybersixgill","APT37","Hash","773c935a13ab49cc4613b30e8d2a75f1bde3b85b0bba6303eab756d70f459693","Confidence: 75","N/A"
"2025-06-07T11:49:24Z","Cybersixgill","APT37","Hash","f1ac19cc7471aca194779542d9701890","Confidence: 75","N/A"
"2025-06-07T11:49:24Z","Cybersixgill","APT37","Hash","8141ac86d6ac0a5fac247725da015ec5df95dd29","Confidence: 75","N/A"
"2025-06-07T11:49:08Z","Cybersixgill","APT37","Hash","b1de9503f4e7ecbc67ec77b03f6d1a8c","Confidence: 75","N/A"
"2025-06-07T11:49:08Z","Cybersixgill","APT37","Hash","67534c144a7373cacbd8f9bd9585a2b74ddbb03c2c0721241d65c62726984a0a","Confidence: 75","N/A"
"2025-06-07T11:49:08Z","Cybersixgill","APT37","Hash","0239c2aaed23c27552637f349afcf53ef9da9f1b","Confidence: 75","N/A"
"2025-06-07T11:46:12Z","Cybersixgill","APT37","Hash","201066937928ec9e92069d8f0cf4dd9bd31230c6","Confidence: 75","N/A"
"2025-06-07T11:46:12Z","Cybersixgill","APT37","Hash","8c0606db237cfa33fa3fb99a56072063177b61fa2c8873ed6af712bba2dc56d9","Confidence: 75","N/A"
"2025-06-07T11:46:12Z","Cybersixgill","APT37","Hash","de403d1f7801f6fa9116cb8e285c508c","Confidence: 75","N/A"
"2025-06-07T11:45:42Z","Cybersixgill","APT37","Hash","d491e1cd102ac2c52b5997125619e8ff","Confidence: 75","N/A"
"2025-06-07T11:45:42Z","Cybersixgill","APT37","Hash","9260956e13600559333db54fd3ec393840a66893","Confidence: 75","N/A"
"2025-06-07T11:45:42Z","Cybersixgill","APT37","Hash","2732fc2bb7b6413c899b6ac1608818e4ee9f0e5f1d14e32c9c29982eecd50f87","Confidence: 75","N/A"
"2025-06-07T10:14:49Z","Cybersixgill","APT37","Hash","31c19605aeb9c90fd1099fc78d632af892732a725a9f9910ec1783d90483045d","Confidence: 60","N/A"
"2025-06-06T19:19:11Z","Cybersixgill","APT37","Hash","d5d48f044ff16ef6a4d5bde060ed5cee","Confidence: 70","N/A"
"2025-06-06T19:18:57Z","Cybersixgill","APT37","Hash","8f339a09f0d0202cfaffbd38469490ec","Confidence: 70","N/A"
"2025-06-06T19:18:43Z","Cybersixgill","APT37","Hash","7822e53536c1cf86c3e44e31e77bd088","Confidence: 70","N/A"
"2025-06-06T19:18:30Z","Cybersixgill","APT37","Hash","2f431c4e65af9908d2182c6a093bf262","Confidence: 70","N/A"
"2025-06-06T19:18:17Z","Cybersixgill","APT37","Hash","81c08366ea7fc0f933f368b120104384","Confidence: 70","N/A"
"2025-06-06T19:18:02Z","Cybersixgill","APT37","Hash","a635bd019674b25038cd8f02e15eebd2","Confidence: 70","N/A"
"2025-06-06T19:11:54Z","Cybersixgill","APT37","Hash","4e0ca3bfcba634a50a4a9b60ce517557","Confidence: 75","N/A"
"2025-06-06T14:43:21Z","Cybersixgill","APT37","Hash","de3911307bfa37dcd1b8ae36a5e8472e","Confidence: 75","N/A"
"2025-06-06T11:52:05Z","Cybersixgill","APT37","Hash","d6ae269b14b2cf3586efa3fbf6596823","Confidence: 75","N/A"
"2025-06-06T11:52:05Z","Cybersixgill","APT37","Hash","bb6ab70abf883dcfba61fb2e5af0c8a1ecbb1aa0","Confidence: 75","N/A"
"2025-06-06T11:52:05Z","Cybersixgill","APT37","Hash","c8dc86afd1cd46534f4f9869efaa3b6b9b9a1efaf3c259bb87000702807f5844","Confidence: 75","N/A"
"2025-06-06T11:51:39Z","Cybersixgill","APT37","Hash","9f6eb385be16eb3a9569f0f7577602955fdec11a","Confidence: 75","N/A"
"2025-06-06T11:51:39Z","Cybersixgill","APT37","Hash","6885d715470fa72050b2cc0a28f330ef","Confidence: 75","N/A"
"2025-06-06T11:51:39Z","Cybersixgill","APT37","Hash","90c8b7f89c8a23b7a056df8fd190263ca91fe4e27bda174a9c268adbfc5c0f04","Confidence: 75","N/A"
"2025-06-06T10:05:18Z","Cybersixgill","APT37","Hash","59cf11cdd7e871893742e21f32d16e4891e87c12","Confidence: 75","N/A"
"2025-06-06T08:46:26Z","Cybersixgill","APT37","Hash","653c7a95e4d03518f8995cf05a0b4c36","Confidence: 80","N/A"
"2025-06-06T08:46:26Z","Cybersixgill","APT37","Hash","1e074d9dca6ef0edd24afb2d13ca4429def5fc5486cd4170c989ef60efd0bbb0","Confidence: 75","N/A"
"2025-06-06T08:46:26Z","Cybersixgill","APT37","Hash","a51416ea472658b5530a92163e64cfa51f983dfabe3da38e0646e92fb14de191","Confidence: 75","N/A"
"2025-06-06T08:46:26Z","Cybersixgill","APT37","Hash","5d53dc791c5d57412fbb2ff1cd5ea444013a4c48","Confidence: 75","N/A"
"2025-06-05T15:46:47Z","Cybersixgill","APT37","Hash","69656a3d7555db170554fc7689fffc2b","Confidence: 75","N/A"
"2025-06-05T15:23:53Z","Cybersixgill","APT37","Hash","30598ea49a58838e3bea367e89653202","Confidence: 75","N/A"
"2025-06-05T13:53:24Z","Cybersixgill","APT37","Hash","3403b92056d7645acfb7236824cc58b15e4d5395","Confidence: 75","N/A"
"2025-06-05T13:52:45Z","Cybersixgill","APT37","Hash","e9e7c05527132d4e1386edbd5e318e00fe327090","Confidence: 75","N/A"
"2025-06-05T12:44:43Z","Cybersixgill","APT37","Hash","77d09f36e05c088459594795ec530e61c4089c4c","Confidence: 75","N/A"
"2025-06-05T11:25:27Z","Cybersixgill","APT37","Hash","839b3a46abee1b234c4f69acd554e494c861dcc533bb79bd0d15b9855ae1bed7","Confidence: 75","N/A"
"2025-06-04T13:12:42Z","Cybersixgill","APT37","Hash","1991d5f8f5c256c5940a7dbe9cf7e8e0","Confidence: 75","N/A"
"2025-06-04T13:12:42Z","Cybersixgill","APT37","Hash","62ed9c961870cab586020238e762b47306ad3aad","Confidence: 75","N/A"
"2025-05-27T18:27:52Z","Cybersixgill","APT37","Hash","65f5f7d127c478522e9669200de20000edcb6cfb","Confidence: 87","N/A"
"2025-05-22T04:59:30Z","Cybersixgill","APT37","Hash","485246b411ef5ea9e903397a5490d106946a8323aaf79e6041bdf94763a0c028","Confidence: 60","N/A"
"2025-05-15T06:10:33Z","Cybersixgill","APT37","Hash","3278324744e14ddf4f4312d375f82b31026f51b5","Confidence: 80","N/A"
"2025-05-15T06:10:18Z","Cybersixgill","APT37","Hash","2d1537e92878a3a14b5b3f55b32c91b099513ae0","Confidence: 90","N/A"
"2025-05-15T06:09:01Z","Cybersixgill","APT37","Hash","df39ab90c89aa77a92295721688b18e7f1fdb38d","Confidence: 90","N/A"
"2025-05-15T06:08:47Z","Cybersixgill","APT37","Hash","985fd1f74eb617b1fea17095f9e991dcaceec170","Confidence: 80","N/A"
"2025-05-15T06:08:32Z","Cybersixgill","APT37","Hash","1cc97e490b5f8a582b6b03bdba58cb5f1a389e78","Confidence: 90","N/A"
"2025-05-15T06:07:07Z","Cybersixgill","APT37","Hash","062a869caac496d0182decfadc57a23057caa4ab","Confidence: 80","N/A"
"2025-05-15T06:05:57Z","Cybersixgill","APT37","Hash","911d9f05e1c57a745cb0c669f3e1b67ac4a08601","Confidence: 90","N/A"
"2025-05-15T05:50:45Z","Cybersixgill","APT37","Hash","894d743617a0a95cf93a1d82ab386c7e","Confidence: 80","N/A"
"2025-05-15T05:50:32Z","Cybersixgill","APT37","Hash","03b22e4cc944de00feda7120ebea572c","Confidence: 90","N/A"
"2025-05-15T05:49:37Z","Cybersixgill","APT37","Hash","fce7ebd58c1d4e9975bd10726ee61bf2","Confidence: 80","N/A"
"2025-05-15T05:49:23Z","Cybersixgill","APT37","Hash","bc4bcc29f12d40952c679e45a3df6a16","Confidence: 80","N/A"
"2025-05-15T05:46:48Z","Cybersixgill","APT37","Hash","dd5a670fecdcaa870ae94fa61dbb7cfa","Confidence: 90","N/A"
"2025-05-15T05:44:52Z","Cybersixgill","APT37","Hash","565cad577bdb486e0437b35a3b44af2a","Confidence: 90","N/A"
"2025-05-15T05:44:38Z","Cybersixgill","APT37","Hash","152b90a0d88691a8af426a2f845cfb78","Confidence: 90","N/A"
"2025-05-14T21:02:36Z","Cybersixgill","APT37","Hash","28116e434e35f76400dc473ada97aeae9b93ca5bcc2a86bd1002f6824f3c9537","Confidence: 70","N/A"
"2025-05-14T21:02:23Z","Cybersixgill","APT37","Hash","2a13f273d85dc2322e05e2edfaec7d367116366d1a375b8e9863189a05a5cec5","Confidence: 70","N/A"
"2025-05-12T16:31:44Z","Cybersixgill","APT37","Hash","e29a3db17025e34336b10d36e5dd59ff5d1ac07ada8df0cddba0d3f3db689f65","Confidence: 90","N/A"
"2025-05-08T01:22:53Z","Cybersixgill","APT37","Hash","26cc5a6cfd8e8ecc433337413c14cddb","Confidence: 90","N/A"
"2025-05-05T22:01:19Z","Cybersixgill","APT37","Hash","9555e50f1ce92fc34b3efcf5bcd69592","Confidence: 90","N/A"
"2025-05-05T22:00:47Z","Cybersixgill","APT37","Hash","57d5e76b55203b251b8ff7b2a718daf8","Confidence: 90","N/A"
"2025-05-05T22:00:14Z","Cybersixgill","APT37","Hash","2c1fccbb059bfc90039ce678e0922b89","Confidence: 90","N/A"
"2025-05-05T21:59:20Z","Cybersixgill","APT37","Hash","d5b278409ef9041b9c6c79c2d2127f1a","Confidence: 90","N/A"
"2025-05-05T21:59:06Z","Cybersixgill","APT37","Hash","ce6d8c95f9aa842659891ca3cbace4ef","Confidence: 60","N/A"
"2025-05-05T21:58:11Z","Cybersixgill","APT37","Hash","81249ed69d699e40dfb9164f6766e8cd","Confidence: 70","N/A"
"2025-05-05T21:57:58Z","Cybersixgill","APT37","Hash","79329dcb75e357378074e711ce22f9fc","Confidence: 60","N/A"
"2025-05-05T21:57:19Z","Cybersixgill","APT37","Hash","65d4468189505bb4d791c4341c645033","Confidence: 90","N/A"
"2025-05-05T21:57:04Z","Cybersixgill","APT37","Hash","5a99eecc870ee5cf8d3c3f77a4c9f7ab","Confidence: 90","N/A"
"2025-05-05T21:55:26Z","Cybersixgill","APT37","Hash","0742732897c751326aac7d74488b1727","Confidence: 90","N/A"
"2025-05-05T21:52:37Z","Cybersixgill","APT37","Hash","79ad5e30bd7c65b553325bdc5f386a90","Confidence: 90","N/A"
"2025-05-05T21:51:37Z","Cybersixgill","APT37","Hash","67d0b60d791915df75205fd0e288a4e7","Confidence: 90","N/A"
"2025-05-05T21:51:03Z","Cybersixgill","APT37","Hash","434f9f760f3b7e44e6a15eb68c867882","Confidence: 90","N/A"
"2025-05-05T21:50:25Z","Cybersixgill","APT37","Hash","13ef3acf8f97ecb363db03884ebe424b","Confidence: 60","N/A"
"2025-05-05T21:50:11Z","Cybersixgill","APT37","Hash","dd19e7fd01fb7c06f4272c8de7a0f0eb","Confidence: 90","N/A"
"2025-05-05T21:49:57Z","Cybersixgill","APT37","Hash","cad072625f58988f1773fb23e9e38ff0","Confidence: 90","N/A"
"2025-05-05T21:47:32Z","Cybersixgill","APT37","Hash","2cf020fa3f37bbffd38584ba9a760d46","Confidence: 90","N/A"
"2025-05-05T21:47:00Z","Cybersixgill","APT37","Hash","e41070220166e68043d19c86c9f7eb1b","Confidence: 90","N/A"
"2025-05-05T21:46:29Z","Cybersixgill","APT37","Hash","c5df79623d1557d559f3add2c5559230","Confidence: 90","N/A"
"2025-05-05T21:45:58Z","Cybersixgill","APT37","Hash","5757874c90b7195e09be379b05ac125f","Confidence: 90","N/A"
"2025-05-05T21:45:44Z","Cybersixgill","APT37","Hash","3d17b0d5c46cab18b9b42bbb0279a4c5","Confidence: 90","N/A"
"2025-05-05T21:44:46Z","Cybersixgill","APT37","Hash","0c3f83b455aafd1fa11b4fb436b36393","Confidence: 80","N/A"
"2025-05-05T14:00:49Z","Cybersixgill","APT37","Hash","e000a185be1a4c0d10ffb97e67a7cbbd773d3caac4cdf88148d320e0f4c49fe2","Confidence: 78","N/A"
"2025-05-05T14:00:49Z","Cybersixgill","APT37","Hash","56ee8c80e41dc01ea0243f68520b95fc","Confidence: 78","N/A"
"2025-05-05T14:00:49Z","Cybersixgill","APT37","Hash","e347ae304fafbe5ff8ea4209cbb7bea6f8de80dc","Confidence: 78","N/A"
"2025-05-05T14:00:16Z","Cybersixgill","APT37","Hash","001a26aa4449cc1eba443babb60e828ce36c47c9","Confidence: 78","N/A"
"2025-05-05T14:00:16Z","Cybersixgill","APT37","Hash","262fbf3b9a4d292fd300c563acf4451d","Confidence: 78","N/A"
"2025-05-05T14:00:16Z","Cybersixgill","APT37","Hash","ddf43bb27ddcc7fdd51c87932adc1a6eb439d732eeb7f59a0dc37cea72e50d48","Confidence: 78","N/A"
"2025-05-05T13:57:59Z","Cybersixgill","APT37","Hash","50ffe8bb33bb031cbb8dfde9e58e97e1464e99b87ee3ef73baef19c3c770b734","Confidence: 74","N/A"
"2025-05-05T13:57:59Z","Cybersixgill","APT37","Hash","5d5aa3ad31e6bda3c22d627d4f61dff9b74dedae","Confidence: 74","N/A"
"2025-05-05T13:57:59Z","Cybersixgill","APT37","Hash","6b3635092a48e5baccb7f7863d4672af","Confidence: 90","N/A"
"2025-05-05T13:56:52Z","Cybersixgill","APT37","Hash","c6e23ace4229bf2122950f0a6dfbf739fac3d991f731b738e43b91634ce5c47f","Confidence: 74","N/A"
"2025-05-05T13:56:52Z","Cybersixgill","APT37","Hash","c3bf8a9e899db12980377aa1b48e4ad268e2af14","Confidence: 74","N/A"
"2025-05-05T13:56:52Z","Cybersixgill","APT37","Hash","400b502204f2ec5198417adc8e3228cc","Confidence: 74","N/A"
"2025-05-05T13:56:24Z","Cybersixgill","APT37","Hash","d79d55266bf976562503c4259243c9f08505c5d0","Confidence: 72","N/A"
"2025-05-05T13:56:24Z","Cybersixgill","APT37","Hash","3782e6492ee4f7c0f58370002a2bebd2","Confidence: 72","N/A"
"2025-05-05T13:56:24Z","Cybersixgill","APT37","Hash","2702c3f39205f8e028982af538ad76b88a86c6d090d437db5cfd0b58fc61ff44","Confidence: 72","N/A"
"2025-05-05T13:56:22Z","Cybersixgill","APT37","Hash","c482942640ca0fd3bf9875a9e3d89aea95b9d162f3b747d5a625bb89f4e7fb94","Confidence: 74","N/A"
"2025-05-05T13:56:22Z","Cybersixgill","APT37","Hash","23e930948487004f21ad8bb74048c86352be3a42","Confidence: 74","N/A"
"2025-05-05T13:56:22Z","Cybersixgill","APT37","Hash","1d76540f62c22c3708cf1bedcc0262dc","Confidence: 74","N/A"
"2025-05-05T13:55:12Z","Cybersixgill","APT37","Hash","d8d1b00e576a8785207b943f5d1f0b73e36ec90a","Confidence: 78","N/A"
"2025-05-05T13:55:12Z","Cybersixgill","APT37","Hash","bd3e70f438b754412e84f8ccbb5ed46178809300af6808c03bc03ed7ffa654f1","Confidence: 78","N/A"
"2025-05-05T13:55:12Z","Cybersixgill","APT37","Hash","e4c7798cf0fe8deaa177107e23656670","Confidence: 78","N/A"
"2025-05-05T13:54:25Z","Cybersixgill","APT37","Hash","f0fedbd07a48ff44ec498ec7acdc2ae191e92503","Confidence: 78","N/A"
"2025-05-05T13:54:25Z","Cybersixgill","APT37","Hash","b4e5d3c137f8fb23e18589c2ce4bd23a","Confidence: 78","N/A"
"2025-05-05T13:54:25Z","Cybersixgill","APT37","Hash","e6c000b065675e7a39fc024de040ee0980d99f6fca3f535602e6eeef31189604","Confidence: 78","N/A"
"2025-05-05T13:54:05Z","Cybersixgill","APT37","Hash","502b745338082741c9334f7614789210938ab744","Confidence: 66","N/A"
"2025-05-05T13:54:05Z","Cybersixgill","APT37","Hash","9d4076c2967a17d46c62ac05a75b2d365a2e55d73f04496d908feea931b589f9","Confidence: 66","N/A"
"2025-05-05T13:54:05Z","Cybersixgill","APT37","Hash","b48b96eb0d17f3976057d14867e0d6bf","Confidence: 66","N/A"
"2025-05-05T13:53:14Z","Cybersixgill","APT37","Hash","c2d11815102aba9e3ba9f11d69d69827b5926631b7d6285acfd386fa11271d43","Confidence: 74","N/A"
"2025-05-05T13:53:14Z","Cybersixgill","APT37","Hash","71b9494a78b733241f9483bcf7b84501e75b7ca3","Confidence: 74","N/A"
"2025-05-05T13:53:14Z","Cybersixgill","APT37","Hash","a0c674e443b0722d93803c44e5265976","Confidence: 74","N/A"
"2025-05-05T13:52:34Z","Cybersixgill","APT37","Hash","e84862d15c5af1cbd077d9e102ece39089de0b074536b7ad6a51791c709e17f7","Confidence: 78","N/A"
"2025-05-05T13:52:34Z","Cybersixgill","APT37","Hash","6c5c89d1166e442f9cf28ce5fc0647b0","Confidence: 78","N/A"
"2025-05-05T13:52:34Z","Cybersixgill","APT37","Hash","dd636ac930885fd0e6e80bc0f91e951678fc6b38","Confidence: 78","N/A"
"2025-05-05T13:52:17Z","Cybersixgill","APT37","Hash","c4a90ff2082e7fcf3878b71f94e3bcb37113f9b1","Confidence: 74","N/A"
"2025-05-05T13:52:17Z","Cybersixgill","APT37","Hash","6ed8daa63d60be66200e0b78b7432d31c41bb6a850bc027ec86375b75cc06d53","Confidence: 74","N/A"
"2025-05-05T13:52:17Z","Cybersixgill","APT37","Hash","6af223eeb4d1d8f1ad3814b17d424e37","Confidence: 74","N/A"
"2025-05-05T13:51:06Z","Cybersixgill","APT37","Hash","cff259b48013645c87275ae59fdea0085585c84edc1d0ef771181d2fb1bdebea","Confidence: 74","N/A"
"2025-05-05T13:51:06Z","Cybersixgill","APT37","Hash","5062a3ef229030afa856b43307e2228eec585e04","Confidence: 74","N/A"
"2025-05-05T13:51:06Z","Cybersixgill","APT37","Hash","269909d505076a1338739ca3e2cad163","Confidence: 74","N/A"
"2025-05-05T13:50:02Z","Cybersixgill","APT37","Hash","74624d9dfb5188376d13a93b7bb76321666c1371ec6d1fa7c2eff5284ad658d7","Confidence: 74","N/A"
"2025-05-05T13:50:02Z","Cybersixgill","APT37","Hash","2fa8725dce5cc9ca0dd33cdc57517a54195e2fb5","Confidence: 74","N/A"
"2025-05-05T13:50:02Z","Cybersixgill","APT37","Hash","c3ca05d7aa4c75ad91763900abb5e7bb","Confidence: 74","N/A"
"2025-05-05T13:49:47Z","Cybersixgill","APT37","Hash","c29ea05ca3a11e1e0ffd59b0f2f5a64c51b072b5e4cb348956f62b1a919fdd5f","Confidence: 72","N/A"
"2025-05-05T13:49:47Z","Cybersixgill","APT37","Hash","299504ffe710b27bc6fccf1da98f8b62e6e8f850","Confidence: 72","N/A"
"2025-05-05T13:49:47Z","Cybersixgill","APT37","Hash","c1d67ea992a1bc2b5539b26e877b2892","Confidence: 90","N/A"
"2025-05-05T13:49:07Z","Cybersixgill","APT37","Hash","a6d97eb2a0f36c0922001ac762ead0e9","Confidence: 90","N/A"
"2025-05-05T13:49:07Z","Cybersixgill","APT37","Hash","218bfd22e929ff294a5eec168728dfd4be143987","Confidence: 74","N/A"
"2025-05-05T13:49:07Z","Cybersixgill","APT37","Hash","eb82b18770627d2161145844b9a89a7f5f42c5f42fc25f1d22b5d8c87844a0e6","Confidence: 74","N/A"
"2025-05-05T13:48:43Z","Cybersixgill","APT37","Hash","7337e732d5ae433efe128eabb61f6027926d203b","Confidence: 74","N/A"
"2025-05-05T13:48:43Z","Cybersixgill","APT37","Hash","6b4b9065c8eb5c801ea0561aa77559c9","Confidence: 74","N/A"
"2025-05-05T13:48:43Z","Cybersixgill","APT37","Hash","e377d3a8fe0833c0538fda763b9d89d00ac1b723057ad264aea56eb56e3d0dc9","Confidence: 74","N/A"
"2025-05-05T13:48:04Z","Cybersixgill","APT37","Hash","30baaf7741ed7e769c53cabe7f433337","Confidence: 60","N/A"
"2025-05-05T13:48:04Z","Cybersixgill","APT37","Hash","0842a5650e34f59e565367e55178cf84301c9670d746c2fed70255eba0cdf77f","Confidence: 60","N/A"
"2025-05-05T13:48:04Z","Cybersixgill","APT37","Hash","077878c083067cdf584b4e109702bfb328f41ab9","Confidence: 60","N/A"
"2025-05-05T13:47:47Z","Cybersixgill","APT37","Hash","29e24525c83a49e30fc532e59f769b09","Confidence: 78","N/A"
"2025-05-05T13:47:47Z","Cybersixgill","APT37","Hash","48a1c08beb8df253a77d864eb11cbe60a02502ed","Confidence: 78","N/A"
"2025-05-05T13:47:47Z","Cybersixgill","APT37","Hash","c060719a3c3396dd56bf96418110513abd36346e6ccb0c53b441b002178d909a","Confidence: 78","N/A"
"2025-05-05T13:47:00Z","Cybersixgill","APT37","Hash","0e763d1e4b3d54fb8bacdac6aed2c829084bab22baf94364eb4037c7ed8749b7","Confidence: 60","N/A"
"2025-05-05T13:47:00Z","Cybersixgill","APT37","Hash","fde1dc4f3a1bef728227bb3b7d12fa538051e224","Confidence: 60","N/A"
"2025-05-05T13:47:00Z","Cybersixgill","APT37","Hash","cf612fbfae46eceebe43dc918ecda766","Confidence: 60","N/A"
"2025-05-05T13:45:31Z","Cybersixgill","APT37","Hash","20f7e0d0d65ec772b396c13485a662da","Confidence: 64","N/A"
"2025-05-05T13:45:31Z","Cybersixgill","APT37","Hash","c2b76c39c43f779ce8ea79b28ec12bae744567aa","Confidence: 64","N/A"
"2025-05-05T13:45:31Z","Cybersixgill","APT37","Hash","fc5c5c99e17bb086c8b6ca9c23bbc2510758ee3f96ee39261c9ad5ff6ce83787","Confidence: 64","N/A"
"2025-05-05T13:02:08Z","Cybersixgill","APT37","Hash","9934e08ffe0a21c7274acee6aeab35a1","Confidence: 74","N/A"
"2025-05-05T13:02:08Z","Cybersixgill","APT37","Hash","61f5597472798d0aaafe90f65937da4c373245f6","Confidence: 74","N/A"
"2025-05-05T13:02:08Z","Cybersixgill","APT37","Hash","196c7d7f562c48eee37df1d58c8a73d57554e0b61d1ebe16aa9a08cbbe39b7fc","Confidence: 74","N/A"
"2025-05-05T12:59:15Z","Cybersixgill","APT37","Hash","0cfcf8c717dd81329c0cd9f4e97b92c9d8e7625f0a7ae57a1f2bbf36ee7af2b5","Confidence: 74","N/A"
"2025-05-05T12:59:15Z","Cybersixgill","APT37","Hash","8e83a815e89cdaf055b4c6585dd3c8c5","Confidence: 74","N/A"
"2025-05-05T12:59:15Z","Cybersixgill","APT37","Hash","b2dee20975da2e28f4aa279824b48a9a556d9e2d","Confidence: 74","N/A"
"2025-05-05T12:54:46Z","Cybersixgill","APT37","Hash","8738c6fddcc14508bf69839cb8ea827485291fc0","Confidence: 74","N/A"
"2025-05-05T12:54:46Z","Cybersixgill","APT37","Hash","d5a0a91c1cc4c201bf43722f706ca54e","Confidence: 74","N/A"
"2025-05-05T12:54:46Z","Cybersixgill","APT37","Hash","b085cc049a738294b0dc180b9e3f2d86c8292d00acd07c906db5eb5e96577551","Confidence: 74","N/A"
"2025-05-05T02:02:52Z","Cybersixgill","APT37","Hash","e825997f08cf778529fb2019b393cb683eb4a39c","Confidence: 90","N/A"
"2025-05-05T02:02:52Z","Cybersixgill","APT37","Hash","d64e9fa0413e7c5c528a80b5f1c6e59959c69637a16d44f5fc9e359c7400c8c2","Confidence: 90","N/A"
"2025-05-05T02:02:52Z","Cybersixgill","APT37","Hash","d1ed847a700414d9c10bb6c6013427b3","Confidence: 90","N/A"
"2025-05-05T02:02:18Z","Cybersixgill","APT37","Hash","cf6290d2b78f646fe9cf8c7f7611889c","Confidence: 90","N/A"
"2025-05-05T02:02:18Z","Cybersixgill","APT37","Hash","a0a834c4b62ffa6546de44486074da5a5fe548eedce2a396730e1eafa9497f41","Confidence: 90","N/A"
"2025-05-05T02:02:18Z","Cybersixgill","APT37","Hash","8c4eda3d2467987e1d03fff492d429d9b990539e","Confidence: 90","N/A"
"2025-05-05T02:01:17Z","Cybersixgill","APT37","Hash","7f1d8de224f2abdd2d5f04a168c71723","Confidence: 90","N/A"
"2025-05-05T02:01:17Z","Cybersixgill","APT37","Hash","2e5aac76bc53980d874aa543f85c131f740a11400d59f7538f4c60d46180509e","Confidence: 90","N/A"
"2025-05-05T02:01:17Z","Cybersixgill","APT37","Hash","d9eae309b79771c3b91aa142013011313919cb92","Confidence: 90","N/A"
"2025-05-05T01:48:59Z","Cybersixgill","APT37","Hash","9676dfa188653ef3cb5d93db88ae8e55","Confidence: 90","N/A"
"2025-05-05T01:48:59Z","Cybersixgill","APT37","Hash","769e4651c0509c7055eb77949afefbdf8bcd4732c9df482a13d5cfba977be8b4","Confidence: 90","N/A"
"2025-05-05T01:48:59Z","Cybersixgill","APT37","Hash","024edc43a375599bd20d0f6bd45b37224e2f73e7","Confidence: 90","N/A"
"2025-05-05T01:45:29Z","Cybersixgill","APT37","Hash","22d3b3cba02845a9d7608eba1c9f9824","Confidence: 90","N/A"
"2025-05-05T01:45:29Z","Cybersixgill","APT37","Hash","971e52b0d2c85757b2ab34141667d8794c2811cfed971d16241ecb33f60c3dba","Confidence: 90","N/A"
"2025-05-05T01:45:29Z","Cybersixgill","APT37","Hash","df54c15d94b297ee98de31a45581c3f1d14a0cee","Confidence: 90","N/A"
"2025-05-05T00:53:27Z","Cybersixgill","APT37","Hash","79770b42f0684419db7dd1d8e31b7e27c71f88ff","Confidence: 90","N/A"
"2025-05-05T00:53:27Z","Cybersixgill","APT37","Hash","57b03814df4fe7a7030687c1a7b594694ea32b317374e865c4eaa764b04ccbed","Confidence: 90","N/A"
"2025-05-05T00:53:27Z","Cybersixgill","APT37","Hash","a8bd637f41f17378af08d8caac000903","Confidence: 90","N/A"
"2023-05-18","VirusTotal (Fallback)","APT37","SHA256","1a4d14e67b4f79d59f1a3a2eb5fa9eb69d04524d4052db9c90c5b3d124d6445a","Text Match: ScarCruft","https://www.virustotal.com/gui/file/1a4d14e67b4f79d59f1a3a2eb5fa9eb69d04524d4052db9c90c5b3d124d6445a"
"2023-01-31","VirusTotal (Fallback)","APT37","SHA256","474e5a25c48128a400b97274b374df0c28aa73832590750c07007ce50190d96e","Text Match: ScarCruft","https://www.virustotal.com/gui/file/474e5a25c48128a400b97274b374df0c28aa73832590750c07007ce50190d96e"
"2021-04-26","VirusTotal (Fallback)","APT37","SHA256","7b7255476c3f5ffa5edf6a5e63011a51edf7a443eea80ff8fe6a42d9f8f300c5","Text Match: ScarCruft","https://www.virustotal.com/gui/file/7b7255476c3f5ffa5edf6a5e63011a51edf7a443eea80ff8fe6a42d9f8f300c5"
