"IOC","Type","Sources","Max confidence","Last Seen","Detection count"
"live-conn.online","Domain","AlienVault","60","06/30/2025-20:02:15","2"
"dmn-for-car.online","Domain","AlienVault","60","06/30/2025-20:02:06","3"
"crysus-h.info","Domain","AlienVault","60","06/30/2025-20:01:56","3"
"cyberlattice.pro","Domain","AlienVault","60","06/30/2025-20:01:37","1"
"conn-ectionor.cfd","Domain","AlienVault","60","06/30/2025-20:01:28","2"
"socks.beauty","Domain","AlienVault","60","06/30/2025-20:00:35","2"
"make-house.online","Domain","AlienVault","60","06/30/2025-19:59:58","2"
"infinit-world.info","Domain","AlienVault","60","06/30/2025-19:59:39","2"
"cloth-model.blog","Domain","AlienVault","60","06/30/2025-19:59:31","2"
"black-friday-store.online","Domain","AlienVault","60","06/30/2025-19:59:17","2"
"work-meeting.info","Domain","AlienVault","60","06/30/2025-19:59:08","4"
"white-life-bl.info","Domain","AlienVault","60","06/30/2025-19:59:00","3"
"wer-d.info","Domain","AlienVault","60","06/30/2025-19:58:45","3"
"thomas-mark.xyz","Domain","AlienVault","60","06/30/2025-19:58:36","3"
"platinum-cnt.info","Domain","AlienVault","60","06/30/2025-19:58:17","2"
"human-fly900.online","Domain","AlienVault","60","06/30/2025-19:58:08","1"
"connect-room.online","Domain","AlienVault","60","06/30/2025-19:57:59","2"
"arizonaclub.me","Domain","AlienVault","60","06/30/2025-19:57:49","1"
"anna-blog.info","Domain","AlienVault","60","06/30/2025-19:57:39","3"
"top-game.online","Domain","AlienVault","60","06/30/2025-19:56:49","1"
"tomas-company.online","Domain","AlienVault","60","06/30/2025-19:56:17","2"
"nsim-pa.info","Domain","AlienVault","60","06/30/2025-19:55:50","2"
"nice-goods.online","Domain","AlienVault","60","06/30/2025-19:55:41","1"
"course-math.info","Domain","AlienVault","60","06/30/2025-19:55:22","2"
"cook-tips.info","Domain","AlienVault","60","06/30/2025-19:55:11","1"
"alpha-man.info","Domain","AlienVault","60","06/30/2025-19:55:03","2"
"ntp-clock-h.info","Domain","AlienVault","60","06/30/2025-19:54:54","1"
"message-live.online","Domain","AlienVault","60","06/30/2025-19:54:44","2"
"live-gml.online","Domain","AlienVault","60","06/30/2025-19:54:35","3"
"goods-companies.online","Domain","AlienVault","60","06/30/2025-19:54:17","3"
"beta-man.info","Domain","AlienVault","60","06/30/2025-19:54:08","3"
"arrow-click.info","Domain","AlienVault","60","06/30/2025-19:54:00","2"
"all-for-city.info","Domain","AlienVault","60","06/30/2025-19:53:45","3"
"live-meet.blog","Domain","AlienVault","60","06/30/2025-19:53:03","3"
"reg-d.info","Domain","AlienVault","60","06/30/2025-19:52:13","2"
"panel-meeting.info","Domain","AlienVault","60","06/30/2025-19:51:55","2"
"ntp-clock-p.info","Domain","AlienVault","60","06/30/2025-19:51:47","2"
"healthy-lifestyle.fit","Domain","AlienVault","60","06/30/2025-19:51:28","2"
"alex-mendez-fire.info","Domain","AlienVault","60","06/30/2025-19:50:23","2"
"meet-work.info","Domain","AlienVault","60","06/30/2025-19:50:05","3"
"albert-company.online","Domain","AlienVault","60","06/30/2025-19:49:55","3"
"amg-car-ger.info","Domain","AlienVault","60","06/26/2025-12:28:59","1"
"yamal-group.online","Domain","AlienVault","60","06/26/2025-12:26:44","3"
"spring-club.info","Domain","AlienVault","60","06/26/2025-12:26:26","3"
"roland-cc.online","Domain","AlienVault","60","06/26/2025-12:26:08","3"
"online-room.online","Domain","AlienVault","60","06/26/2025-12:25:48","2"
"steve-brown.info","Domain","AlienVault","60","05/29/2025-03:44:49","2"
"warning-d.info","Domain","AlienVault","60","05/29/2025-03:44:30","2"
"shadow-network.best","Domain","AlienVault","60","05/29/2025-03:41:48","5"
"prt-max.online","Domain","AlienVault","60","05/29/2025-02:58:20","1"
"ph-crtdomain.info","Domain","AlienVault","60","05/29/2025-02:58:11","1"
"good-student.online","Domain","AlienVault","60","05/29/2025-02:57:36","1"
"backback.info","Domain","AlienVault","60","05/29/2025-02:57:07","1"
"prj-ph.info","Domain","AlienVault","60","05/29/2025-02:56:01","1"
"live-meet.info","Domain","AlienVault","60","05/29/2025-02:55:34","1"
"rbconline-support.info","Domain","AlienVault","60","05/29/2025-02:51:05","1"
"uani.us","Domain","AlienVault","60","12/10/2024-09:19:00","2"
"cutly.biz","Domain","AlienVault","60","12/10/2024-08:26:10","1"
"litby.us","Domain","AlienVault","90","12/10/2024-08:23:51","3"
"tinyurl.ink","Domain","AlienVault","60","12/10/2024-08:23:31","1"
"mailer-daemon.us","Domain","AlienVault","60","12/10/2024-08:17:51","2"
"ksview.top","Domain","AlienVault","90","05/09/2024-14:56:49","1"
"revive-project-live.online","Domain","AlienVault","90","05/09/2024-14:56:04","1"
"shortenurl.online","Domain","AlienVault","90","05/09/2024-14:55:07","1"
"signin-myaccounts.com","Domain","AlienVault","90","05/09/2024-14:54:43","1"
"view-pool-cope.online","Domain","AlienVault","90","05/09/2024-14:53:44","1"
"daemon-mailer.info","Domain","AlienVault","90","05/09/2024-14:53:00","1"
"myaccount-signin.com","Domain","AlienVault","90","05/09/2024-14:52:32","1"
"online-video-services.site","Domain","AlienVault","90","05/09/2024-14:50:58","1"
"activity-permission.online","Domain","AlienVault","90","05/09/2024-14:50:44","1"
"khalejtimes.org","Domain","AlienVault","90","05/09/2024-14:49:35","1"
"foreiqnaffairs.com","Domain","AlienVault","90","05/09/2024-14:49:21","1"
"mailerdaemon.online","Domain","AlienVault","90","05/09/2024-14:49:06","1"
"live-project-online.live","Domain","AlienVault","90","05/09/2024-14:48:53","1"
"virtue-regular-ready.online","Domain","AlienVault","90","05/09/2024-14:48:38","1"
"sweet-pinnacle-readily.online","Domain","AlienVault","90","05/09/2024-14:48:24","1"
"gview.site","Domain","AlienVault","90","05/09/2024-14:48:09","1"
"admiscion.online","Domain","AlienVault","90","05/09/2024-14:47:57","1"
"aspenlnstitute.org","Domain","AlienVault","90","05/09/2024-14:47:43","1"
"online-processing.online","Domain","AlienVault","90","05/09/2024-14:46:51","1"
"book-download.shop","Domain","AlienVault","90","05/09/2024-14:46:37","1"
"account-signin.com","Domain","AlienVault","90","05/09/2024-14:46:07","1"
"e300c6959dcb7a68187f55e2acb6baf7d456501b445f7a1bd28f7067badcb284a4b33d06f2c3d9fb673e3d082a4701ae","Hash","Malware Bazaar","90","06/10/2025-18:11:43","2"
"66c3d1cd6b3835c0c756c08abb52012e5bec6b1d9a637dccbe488e4d921b34d3","Hash","Malware Bazaar","90","06/10/2025-18:11:43","2"
"7f183724120f6e1dc75e8522040c8849a326b62ca40cca43f9bff1c8c00e5c3e","Hash","Malware Bazaar","80","06/10/2025-15:12:37","1"
"b29affec52cd8b404828e75284b9c98e323f0a35b9d6a060361f1e6061df06ec743b40a711e3a4ad11405c8cf0510ea4","Hash","Malware Bazaar","80","06/10/2025-15:12:37","1"
"f54dc4b91383d84e0a51fee2e232916da8899a7b7b39f91a782af8ef17f15d02","Hash","Malware Bazaar","80","06/10/2025-15:12:37","1"
"586f8ab75414bb12b9fbccdc5d96d248b99bd1107c0bf492c9650ad90246d4e1abcc3f467d8c3dbbf675baa09763eee7","Hash","Malware Bazaar","80","06/10/2025-15:12:37","1"
"33ea3a8e535e7eea71ffaaab83abef7cea776fcb23376a71c37977ae4be23778","Hash","Malware Bazaar","80","06/10/2025-15:12:32","1"
"67fc64255b1b5d80418c123f75bfd922c1066b23b0977f41d6224ee13b0e9d0dbd7db6890ee8d8c12aac19f22a247f68","Hash","Malware Bazaar","80","06/10/2025-15:12:32","1"
"0e2e5c126987fe81b7eab1b7f9b53ab66fdcceb064279125f8ca67cdac329e8b","Hash","Malware Bazaar","80","06/10/2025-15:12:25","1"
"2334973afc030c77a8f95e6c82503739993d354b8916b5f9a623ff202bcaf7bf6ebb1844e7590f118e822a2b1e212388","Hash","Malware Bazaar","80","06/10/2025-15:12:25","1"
"6648302d497ee2364d3b10d0bebd1c30cedf649117a682754aebd35761a5d2ff","Hash","Malware Bazaar","80","06/10/2025-15:12:25","1"
"78756c46de842b3e0e1eefe8927d016fbda912b04d001ecfc2102f94fbff616b3216c7402dbc4635f2d01f64d57cf499","Hash","Malware Bazaar","80","06/10/2025-15:12:25","1"
"686c40fd7bd9cacd9a9a40dffcc12000f9e3ce6aacfe7d261411ff34e576dcbe","Hash","Malware Bazaar","80","06/10/2025-15:12:18","1"
"4eff379aed22e1911707d777cb0b1346c82e65fe4ad1ef8e9bb48a0ced254c624b1a186a21c25bc20a20bd6d491d79d2","Hash","Malware Bazaar","80","06/10/2025-15:12:18","1"
"21c5661eb5e54d537c6c9394d7bd4accf53e06851978a36c94b649c4f404a42e","Hash","AlienVault","60","03/07/2025-19:07:46","1"
"003676e6240421426e5c0919eb40bdde52b383eb1c54596deb77218c3885cdc5","Hash","AlienVault","60","03/07/2025-19:07:32","1"
"28de2ccff30a4f198670b66b6f9a0ce5f5f9b7f889c2f5e6a4e365dea1c89d53","Hash","PWC UK ,AlienVault","90","03/07/2025-13:29:14","27"
"5d3ff202f20af915863eee45916412a271bae1ea3a0e20988309c16723ce4da5","Hash","Malware Bazaar ,AlienVault","80","03/07/2025-08:25:21","2"
"90e5fa3f382c5b15a85484c17c15338a6c8dbc2b0ca4fb73c521892bd853f226","Hash","Malware Bazaar ,SOCRadar ,AlienVault","90","03/07/2025-08:25:06","12"
"c1664df788f690fd061994ed3eb9d767e2f293448ce9d7ff5bff37549e9e4dab","Hash","AlienVault","60","03/07/2025-08:24:32","1"
"5ee98a677f58b897df3287448e63a1a781d312d2a951f438e1d7e4ab658fa4a0","Hash","AlienVault","60","03/07/2025-08:24:19","1"
"7eb564f0afc23cc8186e67f8c0d7e6c80215b75c9f0c4b35f558a9e35743ca41","Hash","AlienVault","60","03/07/2025-08:24:05","1"
"a485ef522a00edc7eb141f4ef982dd52b3e784ea8d8f1bb0ca044a61ce642eac","Hash","AlienVault","60","03/07/2025-08:22:16","1"
"4bcc2ad5b577954a6bd23aff16566ce0784a71f9526a5ae849347ae766f4033f","Hash","AlienVault","60","03/07/2025-08:17:38","1"
"110c77f66a8d4d8ccc9dc468744302cf368efd071e3e4af39338b699f6bc7808","Hash","AlienVault","60","03/07/2025-08:14:40","1"
"9410963ede9702e7b74b4057fee952250ded09f85a4bb477d45a64f2352ec811","Hash","AlienVault","60","03/07/2025-08:12:57","1"
"afd06652b24811d7e03d5525b292293dbdf49b8c0e450d748cab0289aecdbc02","Hash","AlienVault","60","03/07/2025-08:12:24","1"
"2c33b1dd793ad5e59180719d078301ee7ebb6cf7465286c19b042accca6ac749","Hash","AlienVault","60","03/07/2025-08:12:09","1"
"c2c1d804aeed1913f858df48bf89a58b1f9819d7276a70b50785cf91c9d34083","Hash","Security Intelligence ,AlienVault","90","03/07/2025-08:02:55","11"
"69eb4fca412201039105d862d5f2bf12085d41cb18a93398afef0be8dfb9c229","Hash","Recorded Future ,AlienVault","90","03/07/2025-08:01:13","5"
"33a61ff123713da26f45b399a9828e29ad25fbda7e8994c954d714375ef92156","Hash","Malware Bazaar ,AlienVault","80","02/10/2025-16:11:10","5"
"baac058ddfc96c8aea8c0057077505f0ad3ff20311d999886fed549924404849","Hash","AlienVault","75","02/10/2025-10:19:09","3"
"4ac088bf25d153ec2b9402377695b15a28019dc8087d98bd34e10fed3424125f","Hash","Malware Bazaar ,AlienVault","80","08/20/2024-15:11:36","4"
"c3486133783379e13ed37c45dc6645cbee4c1c6e62e7988722931eef99c8eaf3","Hash","Malware Bazaar ,AlienVault","80","08/20/2024-15:11:36","3"
"82ae2eb470a5a16ca39ec84b387294eaa3ae82e5ada4b252470c1281e1f31c0a","Hash","Malware Bazaar ,Url Haus ,AlienVault","80","08/10/2024-13:13:19","5"
"89c1d1b61d7f863f8a651726e29f2ae3de7958f36b49a756069021817947d06c","Hash","AlienVault","82","08/10/2024-13:13:12","3"
"c67cd544a112cab1bb75b3c44df4caf2045ef0af51de9ece11261d6c504add32","Hash","AlienVault","82","08/10/2024-13:12:23","2"
"bc2597ce09987022ff0498c6710a9b51a1a47ed8082ac044be2838b384157527","Hash","AlienVault","87","08/10/2024-13:12:04","3"
"f83e2b3be2e6db20806a4b9b216edc7508fa81ce60bf59436d53d3ae435b6060","Hash","AlienVault","78","06/10/2024-13:11:56","3"
"0180f4f29c550aa1ffaa21af51711b29de99fb1d7c932d008a0e9356ae8a7d60","Hash","AlienVault","75","06/10/2024-13:11:28","3"
"0e51029ba28243b0a6a071713c17357a8eb024aa4298d1ccc9e2c4ac8916df4d","Hash","Malware Bazaar ,AlienVault","80","05/13/2024-10:11:33","5"
"bd1f0fb085c486e97d82b6e8acb3977497c59c3ac79f973f96c395e7f0ca97f8","Hash","Malware Bazaar ,AlienVault","80","05/13/2024-09:11:47","4"
"156ac9685acb6696d8d7f64205e20ecf7a87dad304b8441449f0060ed175938b","Hash","AlienVault","75","05/07/2024-13:28:33","4"
"dbdb14e37fc4412711a1e5e37e609e33410de31de13911aee99ab473753baa4a","Hash","AlienVault","75","05/07/2024-13:28:01","4"
"3226b3e7d7fdaebfe7d7f06bdaf0cad08ea9792cd32843d01e6023f67cd0c889","Hash","AlienVault","75","05/07/2024-13:27:08","4"
"c99cc10f15f655f36314e54f7013a0bc5df85f4d6ff7f35b14a446315835d334","Hash","AlienVault","75","05/07/2024-08:19:23","3"
"e0ba0cedd8a8624c75af29965e5fa7ab754fc0fcddbb330bb548dab4f2be333f","Hash","AlienVault","75","05/07/2024-08:19:00","3"
"3c74109005111688341f4e5fcba42be9c21baa4465f5f84a5a342708732ac0ff","Hash","AlienVault","75","05/07/2024-08:18:36","3"
"5404e39f2f175a0fc993513ee52be3679a64c69c79e32caa656fbb7645965422","Hash","AlienVault","75","05/07/2024-08:14:10","3"
"07384ab4488ea795affc923851e00ebc2ead3f01b57be6bf8358d7659e9ee407","Hash","Malware Bazaar ,AlienVault","82","03/07/2024-08:14:37","4"
"3f1c9087e5f8703d2a70f8ab065e9dee81f454e6f7ab1efb348202d60ed804b675266b86e054a40c97ffa09a71166583","Hash","Malware Bazaar","80","02/19/2024-10:12:07","1"
"c0d5043b57a96ec00debd3f24e09612bcbc38a7fb5255ff905411459e70a6bb4","Hash","PWC UK ,AlienVault","90","02/04/2024-07:44:25","27"
"a8c062846411d3fb8ceb0b2fe34389c4910a4887cd39552d30e6a03a02f4cc78","Hash","PWC UK ,AlienVault","90","02/04/2024-07:44:25","26"
"a37a290863fe29b9812e819e4c5b047c44e7a7d7c40e33da6f5662e1957862ab","Hash","Certfa Lab ,AlienVault","90","01/30/2024-14:56:13","4"
"00b5d45433391146ce98cd70a91bef08","Hash","SOCRadar ,darkfeed ,AlienVault","90","01/26/2024-13:48:47","17"
"7a650d3b1e511a05d0441484c7c7df59a63003ce77cd4eb7081323fd79d2b9a3","Hash","SOCRadar ,AlienVault","90","01/26/2024-13:48:47","13"
"2c92da2721466bfbdaff7fedd9f3e8334b688a88ee54d7cab491e1a9df41258f","Hash","SOCRadar ,darkfeed ,AlienVault","90","01/26/2024-13:48:47","17"
"7649c554e87f6ea21ba86bb26ea39521d5d18151","Hash","SOCRadar ,darkfeed ,AlienVault","90","01/26/2024-13:48:47","17"
"3b13646f0369edde2d18d9368c89c20ee480d23ea577e24d295dea697be477085ae7169e24346277adb98e59543cb870","Hash","Malware Bazaar","80","02/18/2023-07:36:34","1"
"a66c1c47abebf32a80571e39898cc7fd08e8de5df53dc42c22804eb87df1dd484fe4ed7c4bc4b950122a24f8cbdb449d","Hash","Malware Bazaar","80","02/18/2023-05:35:29","1"
"d4375a22c0f3fb36ab788c0a9d6e0479bd19f48349f6e192b10d83047a74c9d7","Hash","AlienVault","75","03/07/2018-13:28:56","3"
"b9b783ad3bc523a031cdf799dd9739a7bcbcf184e7e64a0f3cc2170be4d4526f","Hash","AlienVault","75","03/07/2018-08:22:56","2"
"6303907ec7d1d591efffe876720a0ab051bfd429","Hash","AlienVault","78","03/07/2018-08:13:11","2"
"60e6523d29e8a9b83f4503f2e7fd7e1d","Hash","AlienVault","78","03/07/2018-08:13:11","2"
"3cad59c65ee1e261658c2489dc45a7c6875d8ccb917d291d282e48bca1b74752","Hash","AlienVault","78","03/07/2018-08:13:11","2"
"971c5b5396ee37827635badea90d26d395b08d17cbe9e8027dc87b120f8bc0a2","Hash","AlienVault","75","03/07/2018-07:54:11","2"
"29175a0015909186f69f827630ef3fe2c1c5302c","Hash","AlienVault","75","07/02/2016-13:23:18","4"
"734d9639fcfffef1a3c360269ccc1cda4f1d0e9dc857fa438f945e807b022c21","Hash","AlienVault","75","07/02/2016-13:23:18","4"
"ae797446710e375f0fc9a33432d64256","Hash","AlienVault","75","07/02/2016-13:23:18","4"
"6618051ea0c45d667c9d9594d676bc1f4adadd8cb30e0138489fee05ce91a9cb","Hash","AlienVault","75","03/07/2016-13:28:26","3"
"d08982960d71a101b87b1896fd841433b66c7262","Hash","AlienVault","75","03/07/2016-13:28:26","3"
"0a3f454f94ef0f723ac6a4ad3f5bdf01","Hash","AlienVault","75","03/07/2016-13:28:26","3"
"9f2bc9aebb3ee87cfbdef1716b5f67834db305cf400b41b278d5458800c5eeeb","Hash","AlienVault","60","03/07/2016-08:22:45","2"
"74.220.199.9","IP","IBlockList ,AlienVault","70","10/10/2025-01:29:28","6526"
"198.46.91.127","IP","OpenPhish ,AlienVault ,BlockListDE","90","09/22/2025-14:53:00","43"
"199.59.243.227","IP","darkfeed ,AlienVault ,BlockListDE","70","08/25/2025-11:59:07","72"
"198.54.117.242","IP","AlienVault ,BruteForceBlocker","90","08/21/2025-13:59:05","88"
"194.11.226.29","IP","OpenPhish ,AlienVault","90","08/05/2025-08:41:31","5"
"2.56.126.230","IP","AlienVault","60","06/30/2025-20:01:37","3"
"194.11.226.5","IP","AlienVault","60","06/30/2025-19:59:39","15"
"194.11.226.46","IP","AlienVault","60","06/30/2025-19:59:31","2"
"45.12.2.158","IP","AlienVault","60","06/30/2025-19:59:17","1"
"146.19.254.238","IP","AlienVault","60","06/30/2025-19:59:08","10"
"194.11.226.9","IP","AlienVault","60","06/30/2025-19:58:45","7"
"194.61.120.185","IP","AlienVault","60","06/30/2025-19:58:36","5"
"195.66.213.132","IP","AlienVault","60","06/30/2025-19:58:08","1"
"95.169.196.82","IP","AlienVault ,BlockListDE","90","03/11/2025-01:05:07","14"
"194.11.226.9:49667","IP","AlienVault","90","12/15/2024-10:51:18","1"
"194.11.226.9:135","IP","AlienVault","90","12/15/2024-10:51:18","2"
"194.11.226.9:443","IP","AlienVault","90","12/15/2024-10:51:18","2"
"194.11.226.9:3306","IP","AlienVault","90","12/15/2024-10:51:18","2"
"194.11.226.9:3389","IP","AlienVault","90","12/15/2024-10:51:18","2"
"194.11.226.9:5985","IP","AlienVault","90","12/15/2024-10:51:18","2"
"194.11.226.9:8080","IP","AlienVault","90","12/15/2024-10:51:18","2"
"194.11.226.9:47001","IP","AlienVault","90","12/15/2024-10:51:18","2"
"194.11.226.9:121","IP","AlienVault","90","12/15/2024-10:51:18","1"
"194.11.226.9:49664","IP","AlienVault","90","12/15/2024-10:51:18","1"
"194.11.226.9:49665","IP","AlienVault","90","12/15/2024-10:51:18","1"
"194.11.226.9:49666","IP","AlienVault","90","12/15/2024-10:51:18","1"
"194.11.226.9:49668","IP","AlienVault","90","12/15/2024-10:51:18","1"
"194.11.226.9:21","IP","AlienVault","90","12/15/2024-03:54:55","1"
"152.86.74.203","IP","AlienVault","60","12/10/2024-08:23:31","1"
"216.194.165.171","IP","AlienVault","90","05/09/2024-14:52:46","1"
"95.169.196.78","IP","AlienVault","90","05/09/2024-14:46:07","1"
"http://panel-short-check.live/ZZqt3LYD","URL","AlienVault","60","02/10/2025-09:46:43","1"
"http://checking-paneling.live/aliasauthG/Password","URL","AlienVault","60","02/10/2025-09:46:12","1"
"http://check-pabnel-status.live/Lcollection/Password","URL","AlienVault","60","02/10/2025-09:45:57","1"
"http://check-pabnel-status.live/Gcollection/Ref/CkliPwaM","URL","AlienVault","60","02/10/2025-09:45:33","1"
